CustomerID	Name	Email	Gender	Age	City	MaritalStatus	NumChildren	JoinDate
CUST10000	Onkar Bhargava	pkeer@yahoo.com	Male	54	Delhi	Divorced	0	22-02-2021
CUST10001	Divit Kohli	mkalita@sarin.com	Female	48	Kolkata	Married	0	06-12-2023
CUST10002	Kiara Behl	apteanay@hotmail.com	Male	75	Kolkata	Widowed	2	23-08-2023
CUST10003	Vaibhav Sankar	bseshadri@choudhry.info	Male	62	Pune	Divorced	2	17-11-2022
CUST10004	Shray Dâ€™Alia	bdhillon@toor-mall.com	Male	55	Delhi	Divorced	0	04-12-2022
CUST10005	Fateh Sharaf	qkulkarni@gmail.com	Male	59	Jaipur	Single	3	13-05-2021
CUST10006	Khushi Wadhwa	craja@yahoo.com	Female	61	Hyderabad	Widowed	2	12-11-2021
CUST10007	Zeeshan Salvi	ira51@saini-kumar.com	Not Disclosed	32	Pune	Widowed	1	10-08-2021
CUST10008	Elakshi Trivedi	ayesha07@gmail.com	Female	32	Hyderabad	Widowed	4	20-11-2023
CUST10009	Neelofar Chada	abramsolanki@madan.com	Male	44	Jaipur	Single	0	20-11-2021
CUST10010	Kashvi Goda	nirvi89@hotmail.com	Not Disclosed	73	Ahmedabad	Single	2	18-04-2022
CUST10011	Vardaniya Varty	aaryahibala@virk-gopal.org	Not Disclosed	63	Jaipur	Widowed	1	06-08-2020
CUST10012	Dishani Jhaveri	zeeshan50@hotmail.com	Not Disclosed	30	Ahmedabad	Divorced	1	07-12-2022
CUST10013	Amira Rama	myrachakrabarti@master.com	Female	72	Jaipur	Widowed	1	15-11-2022
CUST10014	Arhaan Trivedi	vigadvik@amble-shroff.com	Male	48	Hyderabad	Widowed	1	21-12-2023
CUST10015	Faiyaz Sur	riaan12@datta.com	Male	41	Jaipur	Divorced	0	20-08-2021
CUST10016	Neelofar Sawhney	usarna@yahoo.com	Not Disclosed	50	Delhi	Married	1	15-05-2023
CUST10017	Anay Dugal	aaina34@gmail.com	Female	41	Pune	Single	1	03-08-2022
CUST10018	Mahika Kalita	advikissac@badami.com	Female	63	Lucknow	Widowed	2	26-08-2021
CUST10019	Inaaya  Thaman	hchoudhury@aurora.org	Male	50	Hyderabad	Single	2	21-06-2022
CUST10020	Nirvi Raval	shanrohan@gmail.com	Not Disclosed	73	Jaipur	Married	1	29-12-2023
CUST10021	Ryan Banik	rohan26@date.net	Female	72	Lucknow	Divorced	1	23-06-2021
CUST10022	Kiara Tank	xchada@rastogi.biz	Female	60	Jaipur	Single	1	24-04-2024
CUST10023	Divyansh Chauhan	bhaminiben@hotmail.com	Not Disclosed	50	Bangalore	Married	1	05-06-2021
CUST10024	Dishani Krish	manjari64@brar.com	Male	48	Chennai	Married	3	26-03-2022
CUST10025	Shayak Kala	pari16@gera.net	Female	49	Chennai	Widowed	1	10-01-2024
CUST10026	Chirag Seshadri	bhavsarjayan@luthra.com	Not Disclosed	52	Lucknow	Divorced	1	20-08-2022
CUST10027	Kismat Kulkarni	shayak51@yahoo.com	Male	69	Hyderabad	Married	1	21-10-2023
CUST10028	Himmat Mann	arnav61@verma-subramaniam.com	Male	73	Delhi	Divorced	0	29-07-2021
CUST10029	Shlok Bhandari	mangalira@gmail.com	Not Disclosed	22	Delhi	Single	1	06-02-2024
CUST10030	Priyansh Gopal	karnikraghav@gmail.com	Female	33	Ahmedabad	Single	2	25-12-2022
CUST10031	Ritvik Ahuja	jhaverifarhan@chandra.org	Male	40	Ahmedabad	Single	0	03-12-2023
CUST10032	Farhan Kar	indranilsharaf@kalla.net	Female	51	Bangalore	Divorced	2	14-05-2022
CUST10033	Ira Date	divyansh35@gmail.com	Female	47	Chennai	Widowed	1	10-06-2024
CUST10034	Vedika Divan	uhayre@yahoo.com	Male	37	Kolkata	Divorced	1	09-09-2020
CUST10035	Samar Rama	dassmadhav@hotmail.com	Male	34	Delhi	Divorced	3	03-11-2020
CUST10036	Nitara Gokhale	hrishitachawla@yahoo.com	Not Disclosed	31	Lucknow	Widowed	2	19-11-2023
CUST10037	Taran Baria	shettyalia@gmail.com	Male	32	Mumbai	Widowed	0	03-06-2021
CUST10038	Manikya Hayer	gadekabir@yahoo.com	Not Disclosed	28	Pune	Widowed	1	07-05-2023
CUST10039	Nirvaan Ganesh	dasmadhup@swamy.biz	Male	58	Jaipur	Widowed	0	12-12-2023
CUST10040	Ishita Vig	aptemyra@dhillon.info	Not Disclosed	19	Kolkata	Divorced	2	18-11-2020
CUST10041	Divyansh Krishna	kumarnitya@gmail.com	Female	21	Ahmedabad	Married	4	27-07-2022
CUST10042	Hridaan Tara	emir89@yahoo.com	Male	37	Delhi	Single	1	03-05-2021
CUST10043	Hridaan Mahajan	misha83@doctor.net	Female	65	Bangalore	Widowed	1	10-02-2021
CUST10044	Riya Venkataraman	vanya17@maharaj-dass.net	Male	18	Jaipur	Single	1	31-03-2021
CUST10045	Aayush Hora	pranaykibe@gmail.com	Male	75	Lucknow	Widowed	0	11-06-2022
CUST10046	Kaira Andra	kavya29@biswas.com	Not Disclosed	57	Jaipur	Single	1	12-12-2023
CUST10047	Jayant Ramesh	aradhyaaggarwal@lalla.net	Female	24	Hyderabad	Widowed	1	07-04-2022
CUST10048	Piya Reddy	sakshamkota@khatri.biz	Female	24	Kolkata	Divorced	1	16-05-2024
CUST10049	Neelofar Choudhary	singhdiya@vyas.net	Male	38	Lucknow	Widowed	3	03-01-2022
CUST10050	Sahil Dixit	ivan79@gmail.com	Male	28	Hyderabad	Divorced	2	31-10-2023
CUST10051	Mahika Kurian	indransdass@yahoo.com	Not Disclosed	68	Bangalore	Divorced	1	20-03-2024
CUST10052	Bhamini Sangha	veer82@hotmail.com	Female	61	Delhi	Widowed	3	02-07-2021
CUST10053	Eshani Bath	deolsara@gmail.com	Female	74	Jaipur	Widowed	2	05-09-2023
CUST10054	Ahana  Varghese	bsuresh@butala-gaba.info	Not Disclosed	33	Delhi	Single	0	02-03-2021
CUST10055	Lakshit Bhasin	qbhargava@yahoo.com	Male	28	Jaipur	Married	0	10-02-2021
CUST10056	Uthkarsh Shere	evakanda@anne.org	Female	56	Jaipur	Divorced	1	03-10-2021
CUST10057	Lagan Chadha	hrishitachaudhry@yahoo.com	Female	25	Ahmedabad	Married	3	09-08-2021
CUST10058	Pihu Kapoor	ayesha61@mangal.com	Not Disclosed	67	Pune	Married	1	24-11-2021
CUST10059	Zara Arora	mahajanritvik@sidhu.com	Male	38	Mumbai	Widowed	0	13-10-2021
CUST10060	Kaira Swaminathan	rkrishnamurthy@yahoo.com	Male	71	Bangalore	Divorced	0	22-11-2020
CUST10061	Aarav Bhatia	tgill@hotmail.com	Not Disclosed	68	Kolkata	Single	1	20-10-2023
CUST10062	Vardaniya Setty	sabharwaluthkarsh@yahoo.com	Male	54	Delhi	Divorced	1	10-04-2022
CUST10063	Ranbir Ravi	hrama@sharma-sawhney.com	Female	54	Jaipur	Single	1	10-06-2021
CUST10064	Alisha Rao	eshani06@kala.org	Female	24	Mumbai	Divorced	0	25-07-2023
CUST10065	Bhamini Sharma	mohanlal06@rau.biz	Not Disclosed	18	Delhi	Widowed	0	22-01-2023
CUST10066	Jayesh Sinha	ghoshprerak@jha.net	Male	30	Hyderabad	Widowed	0	26-11-2023
CUST10067	Anahi Thaman	dchad@hotmail.com	Female	28	Hyderabad	Married	2	12-11-2021
CUST10068	Diya Bawa	goeldarshit@hotmail.com	Male	45	Kolkata	Divorced	1	07-10-2020
CUST10069	Ivan Kulkarni	iyermyra@devi.com	Not Disclosed	48	Chennai	Single	0	16-06-2022
CUST10070	Miraan Wali	darshit18@hotmail.com	Female	20	Mumbai	Single	2	27-10-2022
CUST10071	Diya Mallick	rohansachdeva@saxena.com	Female	64	Lucknow	Divorced	1	20-02-2022
CUST10072	Vihaan Mand	anyasubramanian@yahoo.com	Female	43	Delhi	Single	3	01-02-2022
CUST10073	Saanvi Choudhry	nitaraaurora@hotmail.com	Not Disclosed	47	Delhi	Divorced	0	05-04-2024
CUST10074	Adah Sidhu	kanav12@kapadia.com	Not Disclosed	67	Jaipur	Widowed	2	15-04-2022
CUST10075	Amira Lall	vanyabiswas@kannan.biz	Female	29	Jaipur	Married	1	25-02-2023
CUST10076	Saanvi Chauhan	beramanikya@yahoo.com	Male	41	Delhi	Divorced	0	06-08-2021
CUST10077	Divyansh Chander	tailorkimaya@walia.com	Female	23	Lucknow	Divorced	3	10-12-2021
CUST10078	Shlok Saini	rameshrania@gmail.com	Female	37	Mumbai	Divorced	0	05-09-2022
CUST10079	Yakshit Dada	wgulati@gmail.com	Not Disclosed	75	Ahmedabad	Married	1	23-12-2020
CUST10080	Raunak Kashyap	alishasehgal@yahoo.com	Not Disclosed	57	Lucknow	Single	0	23-07-2021
CUST10081	Kiara Bhakta	bajajabram@varughese.com	Male	69	Hyderabad	Widowed	0	23-12-2021
CUST10082	Kavya Dhawan	wbuch@borra.com	Not Disclosed	73	Delhi	Single	0	09-05-2024
CUST10083	Nitya Madan	idatta@kashyap.com	Male	36	Chennai	Widowed	1	22-03-2022
CUST10084	Armaan Loyal	arnavdevan@kalita.com	Male	24	Jaipur	Divorced	0	05-06-2024
CUST10085	Navya Bhattacharyya	nitarakapur@yahoo.com	Not Disclosed	29	Bangalore	Married	4	09-09-2020
CUST10086	Pranay Rege	bijuraja@chahal.org	Female	37	Delhi	Divorced	0	23-12-2021
CUST10087	Sumer Mahal	riyawable@hotmail.com	Male	27	Jaipur	Single	2	18-07-2023
CUST10088	Riya Deol	jayesh12@chaudry.com	Not Disclosed	69	Jaipur	Married	0	18-05-2022
CUST10089	Drishya Keer	dugararnav@gmail.com	Female	52	Bangalore	Single	2	19-10-2020
CUST10090	Ahana  Salvi	tsingh@arora-shan.net	Not Disclosed	33	Ahmedabad	Single	2	01-11-2022
CUST10091	Ojas Sura	doraarhaan@yahoo.com	Female	69	Kolkata	Divorced	1	21-09-2021
CUST10092	Saksham Shah	yashvi61@doshi.com	Not Disclosed	47	Mumbai	Widowed	2	27-10-2020
CUST10093	Shalv Gara	iben@hotmail.com	Male	34	Pune	Single	2	17-09-2022
CUST10094	Eshani Mammen	shanaya23@hayer-lad.com	Female	54	Mumbai	Single	2	15-01-2024
CUST10095	Shray Bhatnagar	doctoryasmin@loke.com	Not Disclosed	26	Lucknow	Married	0	27-12-2020
CUST10096	Purab Gaba	bordesamar@gaba.org	Female	43	Lucknow	Widowed	0	06-12-2021
CUST10097	Ranbir Khatri	seher61@hotmail.com	Male	32	Pune	Single	0	12-11-2020
CUST10098	Himmat Bajwa	vardaniya39@hotmail.com	Female	50	Pune	Married	0	25-12-2023
CUST10099	Yasmin Rout	ddube@hotmail.com	Female	61	Pune	Married	2	06-01-2022
CUST10100	Aniruddh Borah	jivikabhavsar@gmail.com	Female	53	Lucknow	Divorced	4	08-01-2022
CUST10101	Samiha Rao	mahajanpihu@saxena-bera.com	Male	21	Delhi	Divorced	0	11-05-2021
CUST10102	Mohanlal Mangal	sundarammadhav@tripathi.biz	Male	37	Ahmedabad	Divorced	2	08-09-2021
CUST10103	Aradhya Savant	krishram@yahoo.com	Female	28	Pune	Single	3	31-08-2020
CUST10104	Aarna Kara	yasminkhosla@hotmail.com	Not Disclosed	50	Lucknow	Widowed	0	03-04-2024
CUST10105	Yuvraj  Chaudhuri	fkurian@jaggi.net	Female	45	Hyderabad	Single	1	18-11-2020
CUST10106	Arnav Goda	chandranrohan@hotmail.com	Female	63	Chennai	Widowed	1	17-12-2023
CUST10107	Hrishita Bhasin	urvi89@hotmail.com	Male	52	Mumbai	Single	2	07-07-2023
CUST10108	Hrishita Tank	alisha42@hotmail.com	Not Disclosed	24	Ahmedabad	Single	4	10-10-2021
CUST10109	Ira Som	myra06@sahota.com	Male	67	Lucknow	Single	1	19-06-2022
CUST10110	Raunak Sahni	bathaarush@desai-kata.com	Male	72	Kolkata	Widowed	1	13-05-2022
CUST10111	Myra Shere	vidur71@yahoo.com	Female	46	Bangalore	Widowed	4	17-12-2023
CUST10112	Zeeshan Borah	pranaygour@raja.biz	Male	45	Lucknow	Widowed	3	30-01-2022
CUST10113	Seher Kade	xganesh@yahoo.com	Not Disclosed	36	Ahmedabad	Married	1	02-09-2021
CUST10114	Yakshit Sehgal	balayhansh@gmail.com	Not Disclosed	18	Hyderabad	Widowed	1	28-06-2021
CUST10115	Samiha Arya	indrans71@sachar-sengupta.com	Male	58	Lucknow	Married	2	18-03-2021
CUST10116	Dhruv Kala	hazelkakar@bajwa-sachdev.com	Male	29	Ahmedabad	Married	1	15-02-2024
CUST10117	Oorja Shanker	piya42@swaminathan-sundaram.com	Female	37	Lucknow	Divorced	2	13-09-2023
CUST10118	Parinaaz Rout	qbhatia@din-sanghvi.net	Female	68	Bangalore	Divorced	1	02-12-2023
CUST10119	Farhan Raman	bordeveer@hotmail.com	Male	67	Hyderabad	Widowed	0	10-09-2022
CUST10120	Ivan Lad	isharaf@yahoo.com	Male	75	Mumbai	Single	1	04-06-2024
CUST10121	Myra Wason	aradhya10@saha.com	Male	52	Ahmedabad	Married	0	08-04-2024
CUST10122	Rohan Sidhu	diyadevan@sastry-dasgupta.biz	Female	54	Ahmedabad	Widowed	1	24-10-2020
CUST10123	Onkar Chatterjee	latamahika@hotmail.com	Female	66	Jaipur	Divorced	0	16-03-2021
CUST10124	Purab Dey	priyansh73@yahoo.com	Female	63	Pune	Divorced	1	17-03-2021
CUST10125	Nakul Gara	seherwable@saran.com	Female	39	Lucknow	Widowed	0	20-02-2022
CUST10126	Eva Sant	sakshamrastogi@khatri-gala.com	Female	42	Hyderabad	Single	4	27-10-2020
CUST10127	Rasha Dave	raviheer@bakshi.com	Not Disclosed	56	Jaipur	Married	4	12-02-2021
CUST10128	Damini Mander	agade@gmail.com	Female	56	Jaipur	Widowed	3	15-07-2021
CUST10129	Mannat Choudhary	ranbirsangha@vasa.org	Not Disclosed	37	Bangalore	Widowed	2	26-01-2024
CUST10130	Akarsh Bhat	hiran14@gmail.com	Not Disclosed	30	Chennai	Single	2	19-08-2023
CUST10131	Shray Barad	doctorsamar@desai.com	Not Disclosed	45	Kolkata	Divorced	3	22-06-2023
CUST10132	Dhanush Boase	saira31@hotmail.com	Not Disclosed	64	Delhi	Widowed	4	10-02-2022
CUST10133	Aayush Kurian	godazaina@hotmail.com	Male	58	Ahmedabad	Single	1	21-12-2021
CUST10134	Mahika Virk	rbath@hotmail.com	Not Disclosed	27	Kolkata	Divorced	2	27-08-2023
CUST10135	Jivika Kadakia	madhup48@gmail.com	Male	70	Lucknow	Single	1	20-03-2023
CUST10136	Jayant Dara	idevan@dass.com	Female	69	Kolkata	Divorced	0	20-10-2020
CUST10137	Anika Bhatnagar	sharmaumang@gmail.com	Female	49	Bangalore	Widowed	1	30-10-2022
CUST10138	Inaaya  Mall	alia22@mann.com	Female	50	Delhi	Widowed	0	11-05-2023
CUST10139	Tejas Wali	indransvala@yahoo.com	Male	60	Pune	Single	0	19-08-2022
CUST10140	Yuvaan Bhargava	ritvik90@agrawal.com	Not Disclosed	28	Delhi	Widowed	2	13-02-2024
CUST10141	Amira Aurora	xdevi@yahoo.com	Female	56	Ahmedabad	Married	1	10-03-2022
CUST10142	Baiju Bawa	royrenee@hotmail.com	Male	74	Chennai	Divorced	0	20-04-2022
CUST10143	Faiyaz Raj	ishita49@gokhale.com	Not Disclosed	71	Jaipur	Divorced	1	29-07-2020
CUST10144	Emir Mand	farhansoni@gmail.com	Not Disclosed	65	Mumbai	Married	0	08-07-2024
CUST10145	Aarna Wable	nirvi09@yahoo.com	Not Disclosed	63	Jaipur	Divorced	1	21-06-2024
CUST10146	Taimur Din	ssur@gmail.com	Not Disclosed	32	Kolkata	Widowed	0	04-05-2022
CUST10147	Bhavin Garde	inaaya-rout@kohli.com	Female	73	Lucknow	Divorced	2	11-04-2023
CUST10148	Anvi Yadav	lraval@sehgal-comar.com	Female	57	Hyderabad	Single	3	20-01-2023
CUST10149	Shalv Saha	esharaf@koshy-sachdev.com	Not Disclosed	43	Chennai	Widowed	3	18-08-2021
CUST10150	Yakshit Madan	ideol@ahuja.biz	Male	68	Ahmedabad	Married	0	31-05-2022
CUST10151	Neysa Barad	ysinha@krishnamurthy.com	Not Disclosed	28	Lucknow	Widowed	1	14-01-2021
CUST10152	Indrans Lala	advik76@sarraf.com	Not Disclosed	27	Lucknow	Divorced	1	23-06-2024
CUST10153	Aarush Magar	qbuch@garg.com	Male	26	Bangalore	Widowed	1	11-11-2022
CUST10154	Jayant Guha	aaryahidalal@kuruvilla.com	Female	33	Delhi	Married	2	24-11-2020
CUST10155	Nishith Issac	mandernayantara@gmail.com	Female	22	Delhi	Married	1	21-07-2023
CUST10156	Jhanvi Batta	ladnakul@gmail.com	Female	24	Bangalore	Single	0	22-03-2022
CUST10157	Anahita Dewan	kimayabhavsar@hotmail.com	Not Disclosed	19	Hyderabad	Single	1	30-08-2020
CUST10158	Trisha Loke	kmalhotra@hotmail.com	Not Disclosed	70	Lucknow	Widowed	1	02-08-2023
CUST10159	Zara Chaudhry	taran24@hotmail.com	Female	25	Lucknow	Married	0	04-04-2022
CUST10160	Vanya Sen	shayak24@date-ghosh.biz	Female	32	Pune	Widowed	1	06-10-2021
CUST10161	Abram Borde	mamooty31@luthra.net	Male	32	Hyderabad	Divorced	1	05-10-2021
CUST10162	Kashvi Boase	msawhney@gmail.com	Not Disclosed	42	Hyderabad	Widowed	2	26-05-2022
CUST10163	Indrans Srivastava	shenoyyuvaan@joshi-sanghvi.com	Female	49	Lucknow	Single	3	27-03-2023
CUST10164	Pari Luthra	vaibhavboase@chaudhuri-sahota.biz	Male	20	Mumbai	Single	3	02-02-2023
CUST10165	Mamooty Dixit	ayesha84@kurian.com	Female	74	Kolkata	Divorced	3	03-02-2022
CUST10166	Akarsh Dhillon	tanya74@balakrishnan.com	Female	28	Bangalore	Single	0	29-07-2023
CUST10167	Mohanlal Tara	varmaadira@raj.com	Male	74	Jaipur	Single	1	03-04-2021
CUST10168	Gatik Zachariah	hsahota@talwar.org	Female	26	Delhi	Widowed	2	20-09-2022
CUST10169	Saanvi Bhasin	esaini@rana.com	Female	75	Mumbai	Single	1	28-08-2021
CUST10170	Oorja Sampath	xdevan@kade.info	Not Disclosed	71	Bangalore	Single	3	16-04-2023
CUST10171	Kabir Mammen	cshetty@chhabra-hegde.net	Male	45	Delhi	Married	0	27-12-2020
CUST10172	Nirvaan Batta	vaidyaaarna@chandra-chadha.org	Not Disclosed	26	Ahmedabad	Married	2	27-01-2024
CUST10173	Diya Hans	mehulgole@hotmail.com	Female	39	Ahmedabad	Divorced	2	16-09-2022
CUST10174	Shlok Zachariah	nbains@walla.com	Male	33	Mumbai	Married	1	22-04-2024
CUST10175	Keya Krishna	zbatra@upadhyay.com	Not Disclosed	62	Jaipur	Single	3	27-07-2022
CUST10176	Sumer Keer	banand@raja-shere.com	Not Disclosed	44	Jaipur	Married	2	02-04-2022
CUST10177	Kimaya Raja	venkateshmahika@yahoo.com	Not Disclosed	45	Delhi	Divorced	2	16-12-2023
CUST10178	Elakshi Subramanian	badamikaira@amble.com	Not Disclosed	66	Delhi	Divorced	0	04-05-2022
CUST10179	Suhana Majumdar	keya17@barman.info	Male	27	Mumbai	Married	3	03-01-2022
CUST10180	Ishaan Gaba	hunarwason@hotmail.com	Male	21	Delhi	Widowed	1	30-12-2021
CUST10181	Yuvaan Dutt	shlok49@yahoo.com	Male	38	Mumbai	Married	1	16-03-2021
CUST10182	Tiya Rau	tanya68@mangat-srivastava.org	Female	60	Bangalore	Widowed	2	25-09-2020
CUST10183	Rhea Chada	ibarman@yahoo.com	Female	19	Jaipur	Divorced	0	05-12-2020
CUST10184	Miraan Cheema	saira70@kunda.com	Female	23	Ahmedabad	Single	3	01-12-2022
CUST10185	Ira Dugar	ela20@yahoo.com	Male	64	Ahmedabad	Divorced	2	26-01-2024
CUST10186	Yasmin Shenoy	dugarzeeshan@bumb.com	Female	68	Kolkata	Single	3	14-01-2024
CUST10187	Kabir Zacharia	farhanraj@raj.com	Female	24	Kolkata	Married	1	01-08-2023
CUST10188	Amira Chaudhari	amani59@goel.com	Male	39	Chennai	Widowed	4	23-08-2023
CUST10189	Arhaan Butala	agrawalmanikya@gmail.com	Not Disclosed	48	Delhi	Married	2	19-08-2020
CUST10190	Arhaan Lalla	ahana-dhawan@korpal.com	Female	51	Jaipur	Single	3	21-10-2022
CUST10191	Neysa Bansal	kanavsani@dixit.org	Female	65	Bangalore	Married	1	15-12-2021
CUST10192	Akarsh Kohli	sahnimishti@salvi.biz	Not Disclosed	38	Delhi	Widowed	1	04-08-2022
CUST10193	Shayak Bansal	ratikurian@yahoo.com	Not Disclosed	22	Mumbai	Divorced	2	04-02-2024
CUST10194	Kismat Sangha	rbutala@hotmail.com	Not Disclosed	52	Chennai	Widowed	0	26-02-2024
CUST10195	Jivika Singhal	onkar40@hotmail.com	Female	35	Chennai	Single	1	22-01-2024
CUST10196	Vardaniya Karnik	mehul87@gmail.com	Male	38	Chennai	Divorced	1	18-10-2023
CUST10197	Shamik Sarin	bvenkataraman@rege.com	Female	35	Pune	Widowed	3	20-07-2023
CUST10198	Onkar Sheth	uthkarsh05@dubey-raja.com	Not Disclosed	42	Delhi	Single	0	12-04-2024
CUST10199	Shalv Bhasin	vanyasant@jayaraman-ramanathan.com	Not Disclosed	49	Lucknow	Divorced	2	17-06-2021
CUST10200	Nayantara Sarma	romil46@lall-kashyap.com	Not Disclosed	54	Chennai	Divorced	4	25-07-2021
CUST10201	Yuvraj  Dâ€™Alia	mohanlalchoudhury@saxena.biz	Not Disclosed	41	Kolkata	Divorced	1	28-07-2024
CUST10202	Saira Doctor	sawhneyrenee@hotmail.com	Female	52	Jaipur	Married	0	20-06-2021
CUST10203	Charvi Chada	goyaladira@garg.net	Female	61	Hyderabad	Married	3	18-11-2021
CUST10204	Lavanya Bhalla	aaryahi04@gmail.com	Male	67	Kolkata	Single	2	28-08-2022
CUST10205	Farhan Krishna	adira53@behl.net	Not Disclosed	61	Ahmedabad	Single	0	17-04-2023
CUST10206	Hansh Dhingra	chopraaarav@balasubramanian.com	Male	58	Lucknow	Single	3	05-10-2022
CUST10207	Aayush Badal	vardaniya09@gmail.com	Male	59	Bangalore	Widowed	0	08-11-2020
CUST10208	Anaya Chaudhry	kavya88@yahoo.com	Female	75	Pune	Divorced	0	14-12-2022
CUST10209	Jivin Cheema	darivana@hotmail.com	Male	56	Pune	Married	1	09-05-2024
CUST10210	Shalv Gade	anandjivika@gmail.com	Not Disclosed	41	Jaipur	Married	2	02-07-2022
CUST10211	Tara Chanda	jayeshdoshi@balan.com	Not Disclosed	22	Ahmedabad	Widowed	0	22-09-2022
CUST10212	Indrajit Dâ€™Alia	shray09@kant.com	Not Disclosed	52	Kolkata	Widowed	0	03-11-2020
CUST10213	Fateh Balakrishnan	shenoysamiha@bassi.com	Not Disclosed	74	Jaipur	Widowed	0	27-05-2023
CUST10214	Riya Date	sairababu@hotmail.com	Female	18	Hyderabad	Divorced	2	25-07-2024
CUST10215	Shaan Gill	qsinghal@hotmail.com	Not Disclosed	18	Jaipur	Single	2	24-08-2021
CUST10216	Dhruv Kala	vvyas@ramakrishnan.com	Not Disclosed	74	Chennai	Divorced	1	15-03-2022
CUST10217	Trisha Sur	hazel45@yahoo.com	Not Disclosed	70	Jaipur	Widowed	2	05-08-2021
CUST10218	Tejas Goda	gkeer@gmail.com	Not Disclosed	37	Pune	Divorced	0	25-04-2022
CUST10219	Romil Chad	irasawhney@hotmail.com	Female	55	Bangalore	Married	0	24-02-2022
CUST10220	Amira Roy	ishaanbaral@date.com	Male	45	Lucknow	Single	1	18-03-2021
CUST10221	Anika Dubey	jbose@wali-kar.com	Female	36	Mumbai	Single	3	21-04-2021
CUST10222	Piya Dugar	anviloke@bajaj.com	Male	42	Ahmedabad	Widowed	0	02-03-2024
CUST10223	Sara Goswami	shlok12@yahoo.com	Female	58	Pune	Divorced	1	03-05-2023
CUST10224	Mannat Sawhney	dasguptaromil@manda-jaggi.com	Male	48	Chennai	Married	1	17-09-2020
CUST10225	Mehul Dhillon	divitbir@gour.com	Male	29	Ahmedabad	Divorced	3	07-02-2022
CUST10226	Manikya Barad	cvenkataraman@hotmail.com	Not Disclosed	68	Ahmedabad	Widowed	0	04-03-2021
CUST10227	Jivin Kunda	adahsuri@gmail.com	Not Disclosed	36	Kolkata	Divorced	1	01-10-2022
CUST10228	Manikya Singh	trishachawla@bumb.com	Female	31	Pune	Widowed	2	02-10-2021
CUST10229	Vardaniya Gole	parinaazsarin@bassi.com	Male	22	Bangalore	Married	4	10-05-2021
CUST10230	Ivan Mani	sakshamwalia@majumdar-badami.com	Male	64	Mumbai	Single	0	18-02-2023
CUST10231	Charvi Mammen	aradhyabandi@hotmail.com	Female	67	Delhi	Widowed	2	15-03-2024
CUST10232	Lavanya Dutt	agara@deep.com	Male	71	Mumbai	Single	1	06-12-2021
CUST10233	Shaan Chowdhury	ojas47@yahoo.com	Male	53	Hyderabad	Widowed	1	27-08-2020
CUST10234	Ishaan Ravel	bhardwajadah@yahoo.com	Not Disclosed	24	Jaipur	Widowed	2	16-08-2020
CUST10235	Ranbir Gokhale	mahika42@yahoo.com	Not Disclosed	25	Ahmedabad	Divorced	0	08-07-2024
CUST10236	Divit Issac	vivaankar@gmail.com	Not Disclosed	72	Mumbai	Married	2	07-03-2021
CUST10237	Rasha Dara	dhanushshanker@bahl.net	Male	73	Kolkata	Single	2	12-02-2024
CUST10238	Rati Gade	aissac@majumdar-sengupta.net	Female	61	Jaipur	Widowed	3	31-07-2022
CUST10239	Ivan Rajagopalan	trivedisamaira@yahoo.com	Male	56	Pune	Single	0	09-02-2024
CUST10240	Advika Dani	kanttara@yahoo.com	Not Disclosed	75	Hyderabad	Married	1	26-01-2024
CUST10241	Himmat Kant	jiya52@korpal.org	Female	65	Jaipur	Divorced	3	28-05-2021
CUST10242	Ahana  Sagar	yakshitkaul@dugar.com	Not Disclosed	75	Jaipur	Married	2	27-07-2021
CUST10243	Hansh Chana	ishitasastry@yahoo.com	Not Disclosed	39	Pune	Single	0	18-04-2021
CUST10244	Diya Majumdar	elakshirandhawa@hotmail.com	Not Disclosed	60	Chennai	Divorced	0	26-07-2022
CUST10245	Raunak Samra	talwarshlok@kala.net	Not Disclosed	46	Ahmedabad	Single	0	20-11-2021
CUST10246	Miraya Wali	itandon@yahoo.com	Female	35	Hyderabad	Widowed	0	13-09-2023
CUST10247	Baiju Basak	luthravidur@kapadia.com	Female	30	Kolkata	Single	1	14-02-2022
CUST10248	Elakshi Varkey	kiarakar@hayer-dhillon.com	Not Disclosed	50	Bangalore	Widowed	0	05-08-2022
CUST10249	Kismat Deshpande	mallbiju@bali.info	Female	62	Ahmedabad	Divorced	1	16-11-2023
CUST10250	Ahana  Ganesh	vbala@dewan-jayaraman.info	Female	41	Lucknow	Widowed	0	10-03-2024
CUST10251	Ivan Iyer	jkrishnan@yahoo.com	Male	56	Bangalore	Widowed	1	25-12-2021
CUST10252	Hiran Ramaswamy	vedikatak@wali.com	Male	50	Chennai	Married	2	12-03-2021
CUST10253	Aarna Bal	umangmammen@yahoo.com	Male	38	Lucknow	Widowed	1	05-01-2021
CUST10254	Vivaan Amble	csehgal@yahoo.com	Male	26	Bangalore	Divorced	0	24-07-2024
CUST10255	Nayantara Mannan	suhana42@gmail.com	Not Disclosed	52	Mumbai	Married	2	22-09-2023
CUST10256	Alia Bose	luthragatik@hotmail.com	Male	54	Hyderabad	Divorced	1	28-08-2022
CUST10257	Bhamini Sandhu	jhanvi97@yahoo.com	Male	67	Mumbai	Divorced	2	05-12-2021
CUST10258	Heer Chopra	heerchaudhry@das.com	Male	23	Hyderabad	Divorced	2	20-08-2022
CUST10259	Shalv Kadakia	taran59@wadhwa.biz	Female	35	Lucknow	Widowed	0	04-06-2024
CUST10260	Mamooty Dugar	xsami@gmail.com	Female	40	Bangalore	Single	0	18-06-2021
CUST10261	Nehmat Yohannan	mehulbali@hotmail.com	Male	61	Lucknow	Single	1	11-08-2020
CUST10262	Lagan Savant	kallaaarush@yahoo.com	Male	64	Delhi	Divorced	1	08-12-2021
CUST10263	Indrans Bhalla	hridaan66@madan-viswanathan.net	Female	51	Mumbai	Divorced	0	20-12-2020
CUST10264	Kartik Buch	hunarbhasin@master-lal.com	Male	43	Chennai	Married	0	02-10-2021
CUST10265	Shamik Raman	akarshgola@gmail.com	Female	35	Mumbai	Divorced	4	29-05-2022
CUST10266	Rania Kothari	sachdevdhruv@gmail.com	Male	40	Bangalore	Divorced	1	15-07-2021
CUST10267	Jivika Bora	rhea24@ghosh.info	Not Disclosed	54	Lucknow	Widowed	1	03-11-2022
CUST10268	Kiaan Sem	prishasur@sen.com	Not Disclosed	43	Ahmedabad	Married	2	13-09-2020
CUST10269	Ela Chandra	talwarzaina@verma.com	Not Disclosed	26	Mumbai	Single	0	02-10-2020
CUST10270	Saanvi Mani	hridaan65@hotmail.com	Male	75	Kolkata	Divorced	1	07-01-2021
CUST10271	Zain Kamdar	kiaanbali@gmail.com	Female	52	Ahmedabad	Divorced	1	21-01-2022
CUST10272	Akarsh Dara	nsrinivasan@yahoo.com	Female	63	Delhi	Divorced	0	02-08-2021
CUST10273	Baiju Chadha	kalevedika@johal-bhatti.com	Not Disclosed	41	Jaipur	Single	2	27-12-2022
CUST10274	Zeeshan Sood	kulkarniamani@gmail.com	Female	61	Bangalore	Married	0	13-07-2023
CUST10275	Keya Balan	trivedinirvaan@hotmail.com	Not Disclosed	27	Hyderabad	Widowed	2	03-07-2023
CUST10276	Adira Borde	hansh24@keer.com	Female	41	Ahmedabad	Married	0	18-04-2023
CUST10277	Suhana Sunder	keerinaaya@hotmail.com	Female	71	Pune	Widowed	0	18-08-2022
CUST10278	Gokul Luthra	hdara@yahoo.com	Not Disclosed	27	Ahmedabad	Divorced	2	15-09-2022
CUST10279	Advika Bhardwaj	kiararamaswamy@goyal.com	Not Disclosed	56	Mumbai	Single	3	09-08-2022
CUST10280	Faiyaz Sant	kundaadah@bath.info	Not Disclosed	26	Kolkata	Single	1	09-01-2021
CUST10281	Kaira Kala	cratti@hotmail.com	Female	56	Kolkata	Divorced	3	05-03-2023
CUST10282	Raghav Rao	rchoudhary@yahoo.com	Female	43	Lucknow	Widowed	0	08-02-2023
CUST10283	Ahana  Loke	drishya27@divan-master.org	Female	67	Mumbai	Single	2	14-11-2023
CUST10284	Diya Sahni	jsani@hotmail.com	Male	55	Bangalore	Divorced	1	08-05-2021
CUST10285	Suhana Rau	advik12@tara-warrior.com	Not Disclosed	59	Chennai	Widowed	2	08-04-2022
CUST10286	Pranay Uppal	hiran18@gmail.com	Male	69	Lucknow	Married	0	03-02-2024
CUST10287	Alia Keer	gokul08@gmail.com	Female	73	Bangalore	Single	2	06-07-2022
CUST10288	Misha Tailor	adhar@deol.com	Not Disclosed	38	Kolkata	Divorced	0	06-11-2023
CUST10289	Faiyaz Bawa	nbath@yahoo.com	Not Disclosed	75	Mumbai	Widowed	1	24-12-2022
CUST10290	Khushi Vohra	jayanbala@bhardwaj.com	Female	36	Chennai	Widowed	2	29-10-2022
CUST10291	Suhana Srinivasan	hazelborde@verma.com	Male	58	Lucknow	Married	0	08-12-2022
CUST10292	Prisha Trivedi	mannat24@hotmail.com	Not Disclosed	25	Jaipur	Married	1	19-09-2022
CUST10293	Darshit Varty	apteadah@hotmail.com	Not Disclosed	49	Chennai	Single	4	11-01-2024
CUST10294	Aarna Kamdar	lakshitsodhi@badal.biz	Male	48	Hyderabad	Widowed	2	10-10-2021
CUST10295	Sumer Goel	vritikachowdhury@tailor.com	Male	43	Hyderabad	Single	0	08-03-2024
CUST10296	Samarth Talwar	onkarbrahmbhatt@walla.biz	Female	60	Hyderabad	Widowed	2	10-11-2020
CUST10297	Piya Setty	qdugal@dhingra.com	Female	49	Hyderabad	Widowed	1	11-01-2021
CUST10298	Nitara Badal	bloyal@gmail.com	Not Disclosed	25	Lucknow	Widowed	3	05-07-2023
CUST10299	Neelofar Bawa	hchaudhry@yahoo.com	Male	27	Mumbai	Widowed	1	23-07-2021
CUST10300	Nirvaan Korpal	charvigola@rout.org	Male	59	Delhi	Married	1	28-12-2020
CUST10301	Ishita Kade	jvig@bhatt-balasubramanian.com	Female	60	Jaipur	Divorced	3	01-06-2022
CUST10302	Navya Batta	anvi96@kumar-thakkar.com	Male	51	Delhi	Divorced	0	24-03-2022
CUST10303	Jhanvi Saxena	mandnitara@hotmail.com	Female	69	Hyderabad	Widowed	4	17-12-2021
CUST10304	Trisha Goyal	suhana14@gmail.com	Not Disclosed	69	Hyderabad	Widowed	3	12-06-2024
CUST10305	Yuvraj  Sastry	khatrikeya@hotmail.com	Not Disclosed	29	Chennai	Married	0	28-12-2023
CUST10306	Ayesha Suresh	guhazaina@jha.com	Not Disclosed	53	Bangalore	Married	1	15-02-2021
CUST10307	Amani Barman	ghosetiya@gmail.com	Male	50	Hyderabad	Widowed	0	21-08-2021
CUST10308	Azad Master	ryan18@yahoo.com	Male	51	Hyderabad	Single	0	12-11-2020
CUST10309	Shaan Varty	eshani35@dada.com	Female	25	Lucknow	Single	1	20-03-2023
CUST10310	Heer Edwin	sahaanya@yahoo.com	Not Disclosed	24	Pune	Single	4	23-11-2021
CUST10311	Hunar Dara	dayalyakshit@biswas.net	Male	67	Mumbai	Single	4	15-04-2024
CUST10312	Saksham Hans	armaankapoor@iyer.com	Female	47	Ahmedabad	Widowed	0	18-06-2024
CUST10313	Saira Ray	fganguly@gmail.com	Male	53	Chennai	Widowed	4	10-11-2023
CUST10314	Fateh Lala	mahluwalia@gmail.com	Female	53	Bangalore	Widowed	2	15-11-2020
CUST10315	Hrishita Bhakta	dararyan@lad.com	Male	49	Ahmedabad	Divorced	3	10-07-2022
CUST10316	Prerak Ghosh	badal00@hotmail.com	Female	54	Ahmedabad	Married	2	09-06-2024
CUST10317	Arnav Chauhan	alisha41@samra.com	Not Disclosed	23	Chennai	Divorced	3	24-11-2023
CUST10318	Myra Zachariah	kannansamiha@mammen.info	Female	34	Ahmedabad	Divorced	1	13-09-2020
CUST10319	Mamooty Biswas	viswanathanhiran@mani-basak.net	Not Disclosed	47	Mumbai	Married	4	23-04-2021
CUST10320	Kartik Issac	sumer48@vohra-jaggi.net	Female	32	Hyderabad	Single	2	13-11-2022
CUST10321	Ranbir Basu	zmanda@yohannan.com	Not Disclosed	57	Hyderabad	Widowed	2	28-10-2022
CUST10322	Ela Bal	madhupdutta@yahoo.com	Male	54	Bangalore	Widowed	1	23-10-2022
CUST10323	Samiha Tiwari	surprisha@gmail.com	Male	23	Delhi	Married	2	30-09-2020
CUST10324	Inaaya  Hayer	choprakartik@yahoo.com	Male	19	Kolkata	Widowed	1	17-02-2021
CUST10325	Rohan Lad	kanav88@loke.com	Male	55	Lucknow	Married	2	31-07-2023
CUST10326	Anvi Butala	swalia@borra.com	Not Disclosed	22	Hyderabad	Widowed	0	12-12-2020
CUST10327	Anika Chahal	qtak@venkatesh.biz	Male	60	Kolkata	Divorced	2	03-08-2023
CUST10328	Chirag Bhatt	gkoshy@hotmail.com	Male	32	Ahmedabad	Married	1	14-04-2024
CUST10329	Keya Dash	yuvaan56@hotmail.com	Not Disclosed	36	Delhi	Divorced	0	20-02-2022
CUST10330	Miraya Verma	piyavig@rau.com	Female	19	Ahmedabad	Single	2	19-07-2021
CUST10331	Khushi Koshy	hyohannan@sabharwal.info	Female	34	Lucknow	Single	0	07-09-2020
CUST10332	Shamik Sandhu	khushi89@bhattacharyya-mangal.com	Female	28	Bangalore	Single	0	25-01-2022
CUST10333	Saanvi Kant	yshere@krishna.com	Female	58	Lucknow	Married	2	27-05-2022
CUST10334	Anay Mandal	mishti82@din.com	Not Disclosed	50	Kolkata	Single	3	17-10-2021
CUST10335	Umang Iyengar	qsalvi@gmail.com	Not Disclosed	31	Kolkata	Married	2	19-04-2021
CUST10336	Jivika Barman	andraranbir@desai.com	Not Disclosed	34	Mumbai	Single	2	20-12-2022
CUST10337	Miraya Sekhon	karanshlok@gmail.com	Not Disclosed	42	Pune	Married	0	11-11-2022
CUST10338	Shray Shah	kannandrishya@hegde.com	Not Disclosed	28	Jaipur	Married	3	06-03-2024
CUST10339	Vivaan Bahri	aarush78@lall.biz	Female	67	Kolkata	Widowed	0	24-07-2021
CUST10340	Pari Lad	arnavramakrishnan@hotmail.com	Male	60	Bangalore	Married	1	09-07-2021
CUST10341	Yakshit Kumer	ahana-59@gmail.com	Female	66	Mumbai	Widowed	0	07-03-2022
CUST10342	Sana Shere	adahbuch@hotmail.com	Not Disclosed	52	Chennai	Married	0	27-11-2020
CUST10343	Priyansh Jhaveri	shray76@hotmail.com	Not Disclosed	65	Mumbai	Widowed	2	27-09-2022
CUST10344	Nakul Gola	akarsh14@vora.com	Male	29	Lucknow	Married	2	05-03-2022
CUST10345	Ayesha Anand	obhakta@bhalla.com	Female	51	Chennai	Married	0	07-11-2023
CUST10346	Divit Kaur	balakrishnanpurab@gmail.com	Not Disclosed	74	Lucknow	Single	1	23-04-2021
CUST10347	Seher Rege	kimaya71@yogi-dutta.biz	Male	47	Mumbai	Married	3	29-10-2022
CUST10348	Riaan Barman	wmand@kale-savant.biz	Female	48	Mumbai	Single	4	22-07-2024
CUST10349	Kabir Borra	sumer61@rajagopalan.org	Not Disclosed	43	Delhi	Widowed	2	27-01-2023
CUST10350	Hunar Singhal	anvisarraf@gola.net	Not Disclosed	59	Ahmedabad	Widowed	0	31-05-2024
CUST10351	Trisha Chaudry	siyabiswas@hotmail.com	Female	48	Mumbai	Widowed	0	14-06-2024
CUST10352	Ayesha Gill	aroratushar@brahmbhatt.biz	Female	55	Chennai	Married	1	11-04-2022
CUST10353	Aaryahi Raju	vyogi@gmail.com	Not Disclosed	72	Ahmedabad	Single	3	18-06-2022
CUST10354	Urvi Boase	divijagrawal@gmail.com	Female	44	Kolkata	Single	1	03-02-2023
CUST10355	Ranbir Chatterjee	isaxena@hotmail.com	Male	20	Lucknow	Single	0	04-09-2020
CUST10356	Ivana Handa	pkata@seth.com	Female	39	Chennai	Single	2	23-09-2021
CUST10357	Mohanlal Sastry	dhillonshray@hotmail.com	Not Disclosed	22	Pune	Single	2	22-02-2021
CUST10358	Rania Rao	keya08@yahoo.com	Female	39	Jaipur	Single	3	01-04-2024
CUST10359	Rania Sibal	rvarma@sachdev.biz	Female	41	Hyderabad	Married	3	26-06-2024
CUST10360	Jivika Wadhwa	somanivana@jayaraman.com	Male	55	Delhi	Widowed	1	14-09-2023
CUST10361	Hridaan Swamy	ptata@gmail.com	Not Disclosed	44	Chennai	Divorced	3	18-04-2022
CUST10362	Samaira Din	soodvihaan@hotmail.com	Not Disclosed	41	Mumbai	Single	2	05-12-2023
CUST10363	Hunar Edwin	khegde@yogi.net	Male	70	Ahmedabad	Widowed	1	28-07-2024
CUST10364	Lavanya Raja	vihaan70@hotmail.com	Not Disclosed	68	Lucknow	Single	0	18-05-2024
CUST10365	Indranil Upadhyay	hdevan@yahoo.com	Male	75	Ahmedabad	Widowed	0	20-09-2023
CUST10366	Oorja Sunder	dborra@srinivas.com	Female	53	Ahmedabad	Married	0	11-08-2020
CUST10367	Emir Tandon	mannnirvi@bains.biz	Female	64	Pune	Single	2	13-07-2021
CUST10368	Farhan Bakshi	indranilloyal@hotmail.com	Female	68	Hyderabad	Single	1	13-03-2021
CUST10369	Sumer Thakkar	shaanlanka@gmail.com	Female	36	Jaipur	Married	0	28-08-2022
CUST10370	Abram Swamy	kardhruv@gmail.com	Female	69	Mumbai	Single	4	13-07-2024
CUST10371	Seher Dey	amira61@hotmail.com	Female	65	Bangalore	Single	2	12-04-2024
CUST10372	Nayantara Salvi	goswamirhea@batta-kale.com	Not Disclosed	60	Jaipur	Widowed	0	11-07-2021
CUST10373	Umang Date	miraya28@rana.com	Male	32	Delhi	Married	4	28-09-2021
CUST10374	Taimur Rege	vsami@yogi-ratta.info	Not Disclosed	25	Ahmedabad	Widowed	0	02-08-2023
CUST10375	Baiju Lalla	kiaan33@hotmail.com	Male	41	Pune	Divorced	3	18-01-2021
CUST10376	Shray Dave	gsom@kala.com	Not Disclosed	64	Chennai	Married	3	09-08-2021
CUST10377	Divyansh Choudhary	jjain@sama.net	Not Disclosed	18	Mumbai	Widowed	0	09-10-2022
CUST10378	Ishaan Chokshi	renee55@hotmail.com	Female	75	Jaipur	Single	0	30-05-2023
CUST10379	Aniruddh Choudhry	xyohannan@hotmail.com	Male	51	Bangalore	Single	3	24-08-2021
CUST10380	Shlok Anand	pranayrout@bansal.com	Male	31	Pune	Divorced	0	08-11-2022
CUST10381	Suhana Talwar	agatevihaan@mangat-gala.biz	Not Disclosed	41	Chennai	Widowed	3	03-07-2023
CUST10382	Yuvaan Shroff	mannat16@gmail.com	Male	30	Lucknow	Married	0	12-01-2022
CUST10383	Shray Som	berakimaya@hotmail.com	Not Disclosed	37	Lucknow	Widowed	2	07-03-2023
CUST10384	Misha Shroff	svala@iyengar-rastogi.com	Female	19	Pune	Single	3	20-10-2020
CUST10385	Indrans Setty	zsampath@bawa-jayaraman.com	Not Disclosed	58	Lucknow	Widowed	2	11-11-2020
CUST10386	Madhav Sagar	vasarohan@yahoo.com	Not Disclosed	39	Chennai	Single	2	28-05-2024
CUST10387	Ojas Tata	bbhavsar@yahoo.com	Male	62	Jaipur	Widowed	4	05-12-2023
CUST10388	Lakshay Dewan	damini94@doctor-deo.com	Not Disclosed	54	Jaipur	Widowed	1	16-10-2022
CUST10389	Yasmin Wason	pranayhari@hotmail.com	Not Disclosed	54	Pune	Widowed	0	22-10-2021
CUST10390	Saira Chad	batrakeya@gmail.com	Female	61	Jaipur	Divorced	1	15-06-2022
CUST10391	Baiju Lal	johalyashvi@gmail.com	Female	56	Jaipur	Divorced	0	13-07-2024
CUST10392	Hansh Ahluwalia	mishagoel@hotmail.com	Male	56	Mumbai	Widowed	1	15-03-2023
CUST10393	Elakshi Barman	advik70@walla.com	Female	32	Jaipur	Widowed	0	04-06-2022
CUST10394	Vritika Kala	azadbahl@yahoo.com	Female	39	Bangalore	Widowed	3	30-12-2023
CUST10395	Vaibhav Dhawan	contractorshamik@yahoo.com	Male	59	Delhi	Divorced	3	27-03-2022
CUST10396	Kismat Chaudry	yashvi62@kuruvilla.com	Male	34	Jaipur	Single	1	28-01-2023
CUST10397	Parinaaz Hora	vanya04@de.com	Male	38	Chennai	Divorced	1	27-12-2023
CUST10398	Tanya Kapur	divyansh40@yahoo.com	Male	31	Delhi	Divorced	0	17-03-2023
CUST10399	Ira Chawla	samrayakshit@ahluwalia.com	Not Disclosed	22	Bangalore	Divorced	4	27-04-2021
CUST10400	Shlok Bava	kismatsarin@gmail.com	Not Disclosed	39	Hyderabad	Single	4	02-08-2020
CUST10401	Vanya Sarna	choudharyyuvaan@hotmail.com	Not Disclosed	62	Bangalore	Divorced	1	18-11-2020
CUST10402	Eva Johal	shankarvanya@sachdeva-johal.com	Female	44	Jaipur	Widowed	2	25-08-2020
CUST10403	Divij Ramesh	nitya43@hotmail.com	Male	30	Kolkata	Married	2	02-04-2021
CUST10404	Vidur Dasgupta	riya24@yahoo.com	Not Disclosed	33	Hyderabad	Married	2	09-02-2023
CUST10405	Damini Rege	heersahota@ben.com	Female	31	Lucknow	Married	2	13-01-2023
CUST10406	Madhup Bumb	vidurdeep@cherian-ravi.com	Female	65	Chennai	Single	2	17-04-2021
CUST10407	Tiya Babu	tkamdar@jain-sood.com	Not Disclosed	37	Pune	Widowed	0	04-03-2022
CUST10408	Reyansh Dey	jranganathan@hotmail.com	Male	19	Chennai	Widowed	1	15-03-2023
CUST10409	Vidur Balasubramanian	dhanuk73@venkatesh-dube.com	Not Disclosed	49	Chennai	Single	1	02-02-2022
CUST10410	Aarush Thakkar	btandon@yahoo.com	Female	69	Jaipur	Divorced	1	19-09-2021
CUST10411	Mahika Sem	seherkalita@yahoo.com	Female	66	Delhi	Widowed	0	13-10-2023
CUST10412	Dhanush Seth	tejas96@halder.biz	Male	73	Lucknow	Divorced	1	21-10-2021
CUST10413	Mahika Chaudhry	prishakhare@chadha-sankar.com	Male	21	Delhi	Married	0	17-10-2020
CUST10414	Rania Ghose	xtailor@gmail.com	Male	74	Delhi	Married	0	05-07-2021
CUST10415	Jivika Chanda	pihudash@bhasin.net	Male	45	Mumbai	Single	0	08-03-2022
CUST10416	Umang Dhar	dugalnirvi@borah.com	Male	52	Chennai	Divorced	2	18-08-2020
CUST10417	Priyansh Singhal	yohannankartik@ramachandran.com	Not Disclosed	18	Jaipur	Married	1	30-01-2023
CUST10418	Hrishita Vala	lavanyabalay@yahoo.com	Female	36	Lucknow	Divorced	3	25-11-2023
CUST10419	Devansh Sanghvi	kanavramaswamy@sarma.com	Male	31	Kolkata	Single	0	10-08-2021
CUST10420	Dhanush Gokhale	nirvimander@yahoo.com	Not Disclosed	62	Pune	Single	1	07-11-2020
CUST10421	Gokul Malhotra	bshanker@choudhury-kapadia.net	Female	25	Mumbai	Married	1	02-06-2022
CUST10422	Oorja Mander	sinhabadal@venkataraman-ranganathan.info	Male	66	Bangalore	Married	0	29-03-2022
CUST10423	Kaira Grover	amirachaudhry@hotmail.com	Female	75	Delhi	Single	2	05-04-2021
CUST10424	Kismat Chawla	raunakbera@basu.biz	Not Disclosed	27	Delhi	Widowed	0	09-08-2022
CUST10425	Oorja Toor	dsekhon@yahoo.com	Male	65	Ahmedabad	Divorced	0	02-10-2022
CUST10426	Sahil Shenoy	aaryahiahuja@yahoo.com	Male	46	Hyderabad	Married	2	10-06-2021
CUST10427	Nirvaan Sabharwal	dishanibal@halder.com	Male	21	Hyderabad	Single	2	16-12-2021
CUST10428	Aradhya Gour	roykimaya@hotmail.com	Male	23	Hyderabad	Divorced	2	06-10-2022
CUST10429	Miraan Lad	upadhyayneysa@sabharwal.com	Not Disclosed	45	Hyderabad	Single	2	06-06-2022
CUST10430	Advika Trivedi	jbora@krishnan-halder.com	Male	38	Chennai	Divorced	1	05-03-2024
CUST10431	Devansh Sarin	ngoswami@gmail.com	Not Disclosed	73	Lucknow	Widowed	3	03-10-2022
CUST10432	Madhup Khosla	miraanchaudhari@sama.com	Female	23	Kolkata	Married	2	30-10-2022
CUST10433	Zaina Som	raunakbhatia@ahluwalia.org	Female	74	Chennai	Married	2	11-07-2024
CUST10434	Yashvi Lalla	fmadan@sen-boase.net	Male	33	Delhi	Widowed	3	30-11-2021
CUST10435	Samar Sama	mshenoy@yahoo.com	Not Disclosed	37	Chennai	Divorced	1	04-10-2020
CUST10436	Vihaan Goswami	lakshit95@tiwari-rattan.com	Female	40	Chennai	Widowed	4	19-07-2022
CUST10437	Yashvi Upadhyay	rati24@hotmail.com	Not Disclosed	19	Chennai	Married	1	23-12-2020
CUST10438	Shanaya Gala	arnavbal@gmail.com	Female	54	Bangalore	Married	0	24-07-2024
CUST10439	Kismat Kashyap	deolyasmin@hotmail.com	Not Disclosed	58	Bangalore	Married	0	01-08-2023
CUST10440	Chirag Sekhon	bhattacharyyasuhana@ghose-deshmukh.info	Not Disclosed	34	Hyderabad	Divorced	2	23-10-2022
CUST10441	Faiyaz Dua	manikyalad@hotmail.com	Male	35	Pune	Divorced	0	27-09-2020
CUST10442	Aayush Agate	wsathe@wali.com	Male	53	Chennai	Widowed	3	06-06-2022
CUST10443	Ivana Rout	yakshitboase@saran.com	Male	61	Chennai	Single	2	12-02-2023
CUST10444	Mahika Wali	urvibadal@dewan.com	Female	52	Mumbai	Single	2	15-02-2021
CUST10445	Rati Tiwari	suramani@kalita.com	Male	59	Chennai	Divorced	1	25-05-2024
CUST10446	Vihaan Kala	sgill@yahoo.com	Female	72	Jaipur	Divorced	1	27-06-2023
CUST10447	Aayush Dugal	krishbiju@baral.info	Male	29	Kolkata	Single	4	13-05-2021
CUST10448	Hansh Sawhney	lchoudhry@hotmail.com	Not Disclosed	63	Hyderabad	Single	0	01-08-2020
CUST10449	Samaira Chopra	walishalv@bassi-bhat.net	Female	38	Lucknow	Widowed	0	01-10-2021
CUST10450	Shalv Sunder	kalekaira@yahoo.com	Male	32	Ahmedabad	Single	0	22-07-2021
CUST10451	Jivin Ranganathan	kabir79@kari.com	Male	32	Chennai	Divorced	0	15-05-2024
CUST10452	Nitya Ravel	vihaan59@yahoo.com	Male	22	Ahmedabad	Widowed	3	04-11-2020
CUST10453	Kanav Warrior	eshani75@hotmail.com	Female	55	Jaipur	Widowed	0	28-05-2022
CUST10454	Shalv Agrawal	zain23@sastry-kumar.org	Female	30	Kolkata	Single	0	30-01-2021
CUST10455	Kavya Dubey	deolnavya@bhalla.net	Male	66	Bangalore	Married	2	08-10-2020
CUST10456	Anahita Kale	bhaminiswaminathan@krishnamurthy-dhingra.biz	Male	28	Pune	Divorced	0	01-07-2022
CUST10457	Jivika Kamdar	aaryahikohli@rajagopal.com	Female	23	Lucknow	Married	2	31-05-2024
CUST10458	Biju Sastry	advikghose@dar.net	Male	23	Pune	Married	2	02-11-2022
CUST10459	Ivana Johal	aaravchoudhary@lata.com	Male	54	Mumbai	Married	1	24-10-2022
CUST10460	Yasmin Arora	manikya55@biswas.biz	Female	53	Mumbai	Single	3	25-03-2024
CUST10461	Ira Balasubramanian	settymyra@yahoo.com	Female	53	Chennai	Married	1	01-02-2022
CUST10462	Pari Shanker	yashvi67@yahoo.com	Not Disclosed	38	Lucknow	Divorced	2	24-11-2021
CUST10463	Keya Sankar	kaladevansh@bhatia.com	Not Disclosed	23	Pune	Divorced	1	08-06-2023
CUST10464	Devansh Cherian	ritvikdhar@yahoo.com	Male	34	Delhi	Divorced	0	14-08-2021
CUST10465	Rasha Kashyap	shaaniruddh@gmail.com	Male	38	Hyderabad	Divorced	0	21-07-2022
CUST10466	Lagan Sem	pchanda@hotmail.com	Female	73	Ahmedabad	Widowed	1	08-11-2021
CUST10467	Uthkarsh Uppal	nishithkoshy@gmail.com	Male	36	Bangalore	Divorced	0	02-07-2024
CUST10468	Anika Koshy	rajagopalansaira@hotmail.com	Female	45	Lucknow	Married	0	26-10-2021
CUST10469	Lakshit Sankaran	achokshi@gmail.com	Not Disclosed	64	Lucknow	Widowed	1	04-06-2023
CUST10470	Tara Sarna	hgrover@gmail.com	Not Disclosed	34	Bangalore	Divorced	0	04-09-2023
CUST10471	Drishya Sawhney	manneurvi@sibal.net	Male	43	Chennai	Married	1	23-12-2023
CUST10472	Neysa Dubey	bbhavsar@hotmail.com	Female	27	Pune	Married	0	24-05-2024
CUST10473	Oorja Sandal	xsawhney@gmail.com	Not Disclosed	33	Delhi	Single	0	29-06-2022
CUST10474	Lagan Sami	rtandon@hotmail.com	Not Disclosed	48	Lucknow	Widowed	2	03-11-2023
CUST10475	Raunak Devi	bhaktashaan@yahoo.com	Not Disclosed	68	Bangalore	Widowed	1	24-03-2023
CUST10476	Ela Tara	nishith22@sathe-walia.com	Female	53	Jaipur	Widowed	0	12-06-2024
CUST10477	Pari Kala	himmatbanik@gmail.com	Not Disclosed	41	Mumbai	Divorced	2	29-04-2022
CUST10478	Lavanya Seth	riaanramakrishnan@yahoo.com	Female	33	Jaipur	Divorced	3	11-04-2021
CUST10479	Raunak Borde	vdhaliwal@dora.net	Female	66	Chennai	Married	0	18-09-2021
CUST10480	Divit Wason	btandon@balakrishnan.com	Female	71	Mumbai	Divorced	1	01-11-2020
CUST10481	Ryan Suresh	geraraunak@hotmail.com	Male	54	Pune	Widowed	0	18-11-2021
CUST10482	Prerak Shere	reyanshkumer@yahoo.com	Male	74	Lucknow	Single	1	30-03-2023
CUST10483	Rasha Badami	veeredwin@thaman-suri.info	Male	50	Hyderabad	Widowed	4	08-12-2022
CUST10484	Anay Shroff	magarnavya@hotmail.com	Male	38	Ahmedabad	Married	4	15-04-2021
CUST10485	Aaina Madan	swamymiraya@hotmail.com	Female	26	Bangalore	Divorced	0	29-12-2022
CUST10486	Emir Bhatia	fbasu@goel.com	Not Disclosed	45	Pune	Widowed	1	23-03-2024
CUST10487	Anaya Vig	aayushbhatt@yahoo.com	Female	28	Jaipur	Divorced	1	04-02-2024
CUST10488	Adah Raval	jkara@divan.com	Male	36	Bangalore	Single	2	30-07-2022
CUST10489	Indrans Gill	karitaran@rajagopalan.com	Female	25	Kolkata	Widowed	2	25-05-2024
CUST10490	Lagan Ramachandran	ishaangandhi@gmail.com	Not Disclosed	65	Bangalore	Widowed	1	23-12-2023
CUST10491	Ivana Manne	dmandal@kapadia.net	Not Disclosed	46	Chennai	Married	0	18-06-2021
CUST10492	Zoya Chahal	chahalryan@sachdev.com	Not Disclosed	24	Delhi	Widowed	0	06-11-2023
CUST10493	Rania Dara	dharmajanzachariah@yahoo.com	Female	29	Pune	Widowed	1	16-06-2021
CUST10494	Vihaan Ramaswamy	rkeer@yahoo.com	Not Disclosed	20	Lucknow	Married	3	23-09-2022
CUST10495	Uthkarsh Badami	advikachopra@gmail.com	Not Disclosed	46	Pune	Widowed	0	08-02-2021
CUST10496	Ahana  Ratti	rhea32@rajagopalan-soman.org	Female	67	Bangalore	Divorced	0	29-05-2024
CUST10497	Shalv Bose	qzacharia@bansal.com	Male	53	Mumbai	Single	4	28-05-2024
CUST10498	Dhruv Vyas	biju36@sanghvi-dewan.com	Not Disclosed	32	Pune	Divorced	1	29-05-2023
CUST10499	Yuvraj  Baria	kakaralisha@yahoo.com	Not Disclosed	24	Kolkata	Single	2	05-06-2021
CUST10500	Aayush Zachariah	yuvraj-sinha@saxena.com	Female	44	Pune	Divorced	1	17-09-2022
CUST10501	Amani Wali	rati94@dubey.info	Male	43	Jaipur	Widowed	3	06-04-2024
CUST10502	Reyansh Buch	anay24@dada.org	Not Disclosed	65	Pune	Married	1	18-10-2020
CUST10503	Kartik Barad	aniruddh32@chahal.org	Female	26	Lucknow	Married	0	05-09-2022
CUST10504	Aarav Tandon	nehmat24@baria.com	Male	74	Pune	Married	0	13-07-2022
CUST10505	Inaaya  Bir	rohanthaker@hotmail.com	Male	45	Mumbai	Widowed	0	06-03-2022
CUST10506	Elakshi Bedi	oiyengar@aurora.info	Female	53	Chennai	Divorced	1	01-02-2021
CUST10507	Ritvik Saran	lgour@gmail.com	Female	49	Pune	Divorced	2	21-04-2023
CUST10508	Ela Shan	adahsarkar@chaudhary.info	Female	59	Lucknow	Widowed	1	09-08-2022
CUST10509	Nirvaan Thakur	darshit03@gandhi-shan.biz	Female	29	Delhi	Widowed	0	17-07-2021
CUST10510	Amira Wable	arnav34@gmail.com	Male	47	Delhi	Single	1	27-06-2022
CUST10511	Vedika Sidhu	shaanbehl@gmail.com	Female	70	Pune	Divorced	2	02-02-2024
CUST10512	Kiaan Sekhon	romiltandon@yahoo.com	Female	53	Lucknow	Widowed	1	09-04-2024
CUST10513	Mehul Atwal	ryan21@ghosh.com	Not Disclosed	43	Jaipur	Married	0	19-05-2023
CUST10514	Ayesha Kari	kismatgill@barman.com	Not Disclosed	30	Lucknow	Married	0	13-07-2023
CUST10515	Hiran Shenoy	wraj@gmail.com	Female	75	Lucknow	Single	1	31-05-2021
CUST10516	Zaina Varghese	rati55@yahoo.com	Male	40	Chennai	Divorced	2	24-09-2020
CUST10517	Farhan Hari	bhavin87@yahoo.com	Not Disclosed	73	Kolkata	Married	2	29-04-2024
CUST10518	Samar Tiwari	jmannan@hotmail.com	Female	32	Chennai	Widowed	4	18-10-2020
CUST10519	Diya Bail	kartik53@hotmail.com	Female	60	Bangalore	Single	1	06-07-2021
CUST10520	Aaina Kade	divijdayal@gmail.com	Female	56	Lucknow	Married	0	18-01-2021
CUST10521	Kaira Vohra	btara@bora.net	Not Disclosed	38	Kolkata	Married	2	25-07-2023
CUST10522	Zain Badami	hvarma@hotmail.com	Female	24	Kolkata	Single	2	01-03-2021
CUST10523	Emir Sankaran	gkata@hotmail.com	Male	69	Kolkata	Married	0	06-10-2020
CUST10524	Zoya Verma	vasaprerak@hotmail.com	Not Disclosed	70	Bangalore	Divorced	0	03-11-2022
CUST10525	Pranay Gaba	inaaya-bala@dugar.com	Female	38	Jaipur	Divorced	3	02-11-2020
CUST10526	Shanaya Jhaveri	lalabhamini@balay.com	Male	30	Bangalore	Married	4	09-04-2021
CUST10527	Yuvaan Ramesh	charvi81@hotmail.com	Male	27	Delhi	Widowed	1	25-11-2023
CUST10528	Mohanlal Basu	anvi82@sarna.biz	Male	45	Bangalore	Divorced	2	23-02-2021
CUST10529	Dhanuk Gokhale	samaira55@yahoo.com	Not Disclosed	62	Chennai	Married	0	22-10-2023
CUST10530	Anika Kanda	misha62@gmail.com	Male	32	Hyderabad	Widowed	1	21-04-2022
CUST10531	Ojas Ray	emani@hotmail.com	Male	59	Delhi	Married	1	22-07-2023
CUST10532	Eva Swaminathan	bhamini27@gmail.com	Not Disclosed	27	Hyderabad	Divorced	2	12-10-2020
CUST10533	Indrajit Vora	vanya18@raj.biz	Female	75	Chennai	Single	1	09-05-2024
CUST10534	Romil Deshmukh	vartyneysa@gola-baria.com	Male	51	Pune	Married	2	27-03-2023
CUST10535	Amira Taneja	fdate@borde.com	Male	62	Mumbai	Divorced	0	22-08-2022
CUST10536	Gatik Bhakta	anayaratti@hotmail.com	Not Disclosed	30	Delhi	Single	2	14-09-2023
CUST10537	Eshani Brahmbhatt	bijuchandra@hotmail.com	Male	73	Kolkata	Divorced	0	22-12-2023
CUST10538	Nayantara Shanker	cdhillon@yahoo.com	Not Disclosed	54	Jaipur	Widowed	2	09-04-2022
CUST10539	Anay Mani	stak@gmail.com	Male	45	Chennai	Divorced	3	01-12-2020
CUST10540	Stuvan Venkatesh	pihu41@hotmail.com	Female	44	Kolkata	Divorced	4	07-11-2021
CUST10541	Reyansh Chaudry	advik45@iyengar.com	Male	30	Delhi	Married	0	26-02-2022
CUST10542	Umang Bora	benuthkarsh@yahoo.com	Male	33	Kolkata	Widowed	2	24-11-2022
CUST10543	Aarush Walla	himmatdugar@gmail.com	Female	54	Delhi	Single	0	25-06-2024
CUST10544	Jayan Zachariah	madhup39@gmail.com	Not Disclosed	18	Mumbai	Widowed	3	10-06-2021
CUST10545	Yashvi Devi	xkeer@yahoo.com	Female	44	Bangalore	Married	2	22-02-2023
CUST10546	Mamooty Gera	ehsaan68@saran.com	Not Disclosed	41	Kolkata	Divorced	1	16-05-2022
CUST10547	Darshit Sura	fwagle@yahoo.com	Male	50	Pune	Married	2	05-06-2024
CUST10548	Inaaya  Baria	samiha81@hotmail.com	Not Disclosed	41	Lucknow	Single	1	05-12-2021
CUST10549	Zeeshan Batra	bbava@mallick.com	Male	58	Delhi	Widowed	4	02-01-2023
CUST10550	Divyansh Baria	sandhukeya@hotmail.com	Male	41	Bangalore	Married	0	15-12-2022
CUST10551	Zeeshan Sanghvi	jhaverineelofar@yahoo.com	Female	58	Mumbai	Widowed	0	24-04-2023
CUST10552	Advika Issac	eramakrishnan@venkataraman-bera.com	Not Disclosed	45	Delhi	Widowed	1	07-11-2021
CUST10553	Prerak Sahni	sridharivan@sahni.com	Not Disclosed	24	Bangalore	Widowed	2	03-10-2021
CUST10554	Ishaan Kade	kaleira@hotmail.com	Not Disclosed	44	Hyderabad	Widowed	1	04-01-2022
CUST10555	Parinaaz Hora	birnakul@kibe.com	Not Disclosed	38	Pune	Single	0	14-04-2022
CUST10556	Manjari Boase	tarabora@dani.com	Not Disclosed	57	Chennai	Single	0	13-02-2021
CUST10557	Lakshit Konda	anaya68@gmail.com	Male	74	Hyderabad	Single	2	05-07-2024
CUST10558	Rhea Gupta	sodhieshani@yahoo.com	Not Disclosed	23	Mumbai	Widowed	3	12-05-2022
CUST10559	Aaryahi Dave	wmander@gour.com	Male	23	Ahmedabad	Widowed	2	13-01-2021
CUST10560	Riya Gill	agopal@hotmail.com	Not Disclosed	45	Jaipur	Divorced	1	20-04-2024
CUST10561	Charvi Guha	thakeraradhya@singh-dalia.com	Male	60	Lucknow	Single	0	23-09-2022
CUST10562	Dhanuk Sehgal	obhat@karpe.com	Not Disclosed	48	Pune	Married	0	28-08-2020
CUST10563	Tanya Khalsa	mehulbains@yahoo.com	Female	67	Pune	Widowed	1	15-04-2021
CUST10564	Inaaya  Malhotra	nirvaan04@yahoo.com	Female	50	Bangalore	Widowed	1	02-05-2023
CUST10565	Kiaan Chana	davejayan@yahoo.com	Not Disclosed	55	Bangalore	Divorced	1	17-03-2021
CUST10566	Shanaya Sodhi	zwalia@batra.com	Not Disclosed	43	Kolkata	Widowed	1	30-03-2023
CUST10567	Mehul Agarwal	irastogi@hans-borde.com	Not Disclosed	32	Ahmedabad	Single	0	21-02-2023
CUST10568	Aarav Vora	onkarchhabra@aggarwal.com	Male	49	Delhi	Divorced	0	12-01-2022
CUST10569	Raunak Choudhry	ramakrishnanindrajit@chakraborty.biz	Female	68	Jaipur	Divorced	0	22-03-2024
CUST10570	Advika Dyal	granganathan@sathe-dhar.org	Not Disclosed	26	Pune	Single	1	29-03-2021
CUST10571	Nirvaan Bhandari	gcontractor@yahoo.com	Not Disclosed	54	Chennai	Divorced	0	12-02-2021
CUST10572	Oorja Dua	navya64@andra.com	Male	52	Hyderabad	Divorced	2	27-07-2024
CUST10573	Bhavin Gade	badalaniruddh@dasgupta-aurora.com	Male	68	Pune	Divorced	0	16-09-2022
CUST10574	Shayak Raj	jayantgill@shere.com	Female	64	Jaipur	Single	1	17-08-2022
CUST10575	Kartik Kashyap	nghose@hotmail.com	Male	24	Chennai	Widowed	0	10-03-2021
CUST10576	Nishith Dada	dhruvsetty@lal-goyal.com	Female	51	Chennai	Single	0	04-04-2024
CUST10577	Nishith Mall	zoya12@hotmail.com	Male	57	Delhi	Single	0	03-02-2021
CUST10578	Anahi Bir	kalladevansh@bose-mangal.com	Not Disclosed	37	Hyderabad	Married	1	21-04-2022
CUST10579	Onkar Ramachandran	gbhargava@hotmail.com	Male	73	Hyderabad	Single	1	05-07-2024
CUST10580	Anya Sahni	khushiganesan@gmail.com	Not Disclosed	71	Lucknow	Widowed	0	07-02-2022
CUST10581	Shaan Ray	sahotayuvaan@dyal-swamy.com	Male	36	Lucknow	Married	0	30-03-2023
CUST10582	Lagan Grover	jivika00@hotmail.com	Not Disclosed	34	Mumbai	Single	1	05-04-2023
CUST10583	Amani Krish	onkar92@bhargava-dutt.com	Female	71	Pune	Widowed	1	11-07-2022
CUST10584	Kiaan Sibal	acherian@kunda.com	Male	29	Hyderabad	Single	3	10-01-2022
CUST10585	Aniruddh Hans	nghose@issac.com	Female	72	Kolkata	Divorced	3	28-04-2024
CUST10586	Tanya Chaudhry	xgulati@hotmail.com	Not Disclosed	27	Bangalore	Married	0	29-10-2023
CUST10587	Ivana Viswanathan	anay68@bora-chada.org	Male	41	Delhi	Widowed	1	04-12-2021
CUST10588	Yuvraj  Bhandari	fbala@gmail.com	Male	32	Ahmedabad	Married	2	05-09-2021
CUST10589	Madhup Zacharia	rramaswamy@hotmail.com	Not Disclosed	51	Kolkata	Single	1	27-07-2024
CUST10590	Taimur Saxena	yuvraj-biswas@gmail.com	Not Disclosed	75	Lucknow	Single	1	06-02-2024
CUST10591	Misha Seth	kanavmander@mander.com	Female	67	Ahmedabad	Married	2	25-06-2023
CUST10592	Trisha Chawla	kundashamik@hotmail.com	Not Disclosed	58	Kolkata	Single	2	25-07-2024
CUST10593	Stuvan Sahni	stuvansoman@yahoo.com	Female	47	Jaipur	Single	0	16-10-2023
CUST10594	Anahita Bhatt	divij78@yahoo.com	Female	59	Delhi	Divorced	2	16-11-2020
CUST10595	Devansh Karnik	preraksarraf@hotmail.com	Female	30	Jaipur	Divorced	0	07-03-2022
CUST10596	Vardaniya Lalla	wdani@hotmail.com	Male	49	Lucknow	Single	0	20-06-2024
CUST10597	Advika Lad	zarasekhon@srivastava.com	Female	63	Lucknow	Widowed	1	22-07-2022
CUST10598	Tejas Choudhury	xgola@bahl.com	Female	71	Mumbai	Widowed	3	14-07-2021
CUST10599	Shray Sahota	diya47@gmail.com	Male	45	Bangalore	Single	0	24-03-2022
CUST10600	Ivana Desai	aaryahimallick@hotmail.com	Not Disclosed	45	Delhi	Married	1	19-10-2020
CUST10601	Nirvaan Dewan	rhayre@vala.org	Female	56	Kolkata	Divorced	1	16-12-2023
CUST10602	Zain Choudhury	gbhat@vaidya-mane.net	Male	38	Bangalore	Divorced	3	22-08-2022
CUST10603	Dhanush Edwin	mbath@kannan.com	Not Disclosed	19	Jaipur	Single	2	05-12-2020
CUST10604	Chirag Sundaram	bhaminibhatnagar@kota.com	Female	34	Delhi	Divorced	0	29-06-2023
CUST10605	Inaaya  Ravel	varmamishti@mammen.com	Male	44	Kolkata	Single	1	15-08-2020
CUST10606	Hrishita Sama	shethvaibhav@bhatti.biz	Not Disclosed	26	Jaipur	Widowed	1	19-09-2020
CUST10607	Lavanya Sood	shaan36@yahoo.com	Male	50	Mumbai	Widowed	2	08-12-2022
CUST10608	Tara Wason	sacharnitara@hotmail.com	Female	56	Delhi	Married	2	05-11-2020
CUST10609	Romil Setty	zahuja@sagar.com	Female	23	Ahmedabad	Single	1	26-06-2024
CUST10610	Chirag Kadakia	dishani02@yahoo.com	Male	22	Delhi	Single	1	28-02-2024
CUST10611	Indrajit Mahal	priyanshmadan@kothari.org	Female	37	Delhi	Widowed	2	21-08-2022
CUST10612	Hunar Dugar	mdeshpande@yahoo.com	Female	72	Bangalore	Divorced	3	02-07-2022
CUST10613	Renee Zacharia	aptemadhav@hotmail.com	Male	38	Lucknow	Married	4	03-02-2023
CUST10614	Manjari Samra	wmallick@gmail.com	Not Disclosed	67	Hyderabad	Divorced	4	10-07-2021
CUST10615	Vanya Dada	samairachaudhry@hotmail.com	Female	71	Jaipur	Divorced	2	04-12-2020
CUST10616	Diya Buch	navya49@sanghvi.com	Not Disclosed	18	Pune	Divorced	3	09-04-2021
CUST10617	Tiya Chauhan	lbhatti@agarwal-chand.com	Male	27	Hyderabad	Married	0	18-05-2022
CUST10618	Trisha Chopra	zainadara@yahoo.com	Female	30	Bangalore	Married	2	13-09-2021
CUST10619	Zeeshan Mangal	chadakeya@gmail.com	Not Disclosed	22	Chennai	Widowed	3	14-05-2024
CUST10620	Divyansh Balakrishnan	irahegde@hotmail.com	Male	28	Mumbai	Widowed	0	19-01-2024
CUST10621	Khushi Singhal	drishyatank@krish.com	Male	62	Ahmedabad	Married	2	08-02-2022
CUST10622	Jivin Subramanian	stuvan73@hotmail.com	Female	50	Pune	Divorced	0	07-06-2024
CUST10623	Sana Contractor	nakul64@dalal.info	Male	70	Hyderabad	Single	1	28-07-2023
CUST10624	Zara Chaudhuri	azad33@hotmail.com	Not Disclosed	70	Jaipur	Widowed	0	24-04-2024
CUST10625	Gatik Magar	gkala@rama-karnik.com	Male	47	Kolkata	Single	0	27-03-2021
CUST10626	Biju Hayre	adahlall@kumer.net	Male	37	Hyderabad	Divorced	3	17-12-2023
CUST10627	Suhana Grover	rravi@kumar-sunder.com	Female	40	Ahmedabad	Divorced	0	21-02-2023
CUST10628	Aaina Saini	dhanukvarma@basak.biz	Male	58	Pune	Single	0	26-11-2021
CUST10629	Bhamini Rege	hegdeshray@yahoo.com	Female	46	Ahmedabad	Single	0	22-09-2023
CUST10630	Zeeshan Chaudry	mehul22@sahni-vohra.net	Male	30	Mumbai	Married	2	30-06-2024
CUST10631	Manjari Mannan	tsandal@yahoo.com	Male	57	Lucknow	Single	1	25-05-2024
CUST10632	Pranay Comar	vsharma@gmail.com	Not Disclosed	19	Jaipur	Married	2	13-09-2023
CUST10633	Yasmin Soni	nishithgoda@sehgal.info	Male	71	Jaipur	Single	0	13-01-2023
CUST10634	Ojas Ahuja	hridaan51@gmail.com	Male	19	Bangalore	Divorced	3	13-10-2023
CUST10635	Yakshit Rana	hcherian@tak.com	Male	51	Jaipur	Divorced	0	21-03-2022
CUST10636	Anahita Som	buchtanya@gmail.com	Male	52	Ahmedabad	Divorced	0	20-03-2022
CUST10637	Bhavin Mandal	tanyakrish@yahoo.com	Not Disclosed	42	Kolkata	Widowed	0	05-06-2024
CUST10638	Lavanya Balasubramanian	anvidey@hotmail.com	Male	66	Pune	Widowed	0	07-06-2021
CUST10639	Dishani Sharaf	brahmbhattkartik@gmail.com	Not Disclosed	31	Jaipur	Single	1	02-05-2021
CUST10640	Aaina Saran	neelofararora@dhillon-kumer.com	Female	27	Hyderabad	Divorced	1	21-02-2024
CUST10641	Jayan Dixit	zoya79@kumar.com	Female	64	Lucknow	Widowed	2	14-10-2021
CUST10642	Shaan Gokhale	samravivaan@gmail.com	Male	69	Mumbai	Married	1	13-06-2021
CUST10643	Indrans Goda	arnavsaraf@yahoo.com	Not Disclosed	42	Jaipur	Divorced	1	30-03-2021
CUST10644	Shray Ghose	nakuljohal@balay.com	Male	30	Ahmedabad	Widowed	4	15-07-2022
CUST10645	Shamik Rau	korpalrenee@yahoo.com	Not Disclosed	19	Lucknow	Divorced	0	07-11-2022
CUST10646	Aarna Hari	jhanvi63@samra.com	Not Disclosed	65	Jaipur	Married	0	20-02-2021
CUST10647	Shlok Golla	dhanush08@yahoo.com	Male	48	Bangalore	Single	2	11-08-2021
CUST10648	Baiju Golla	manjarirout@hotmail.com	Female	74	Ahmedabad	Single	0	30-03-2021
CUST10649	Abram Khare	bsodhi@gmail.com	Male	71	Mumbai	Widowed	1	03-10-2020
CUST10650	Ehsaan Dara	manikya01@gmail.com	Male	70	Hyderabad	Widowed	2	20-04-2022
CUST10651	Bhamini Shroff	faiyaz72@yahoo.com	Male	73	Kolkata	Married	0	27-05-2022
CUST10652	Khushi Madan	dixitkiaan@yahoo.com	Female	50	Pune	Widowed	1	27-11-2021
CUST10653	Tanya Agarwal	ebhakta@yahoo.com	Female	45	Lucknow	Married	2	20-07-2022
CUST10654	Arnav Boase	vardaniya56@gmail.com	Female	34	Kolkata	Divorced	1	28-01-2022
CUST10655	Anahita Trivedi	kismatcontractor@yahoo.com	Not Disclosed	32	Kolkata	Single	0	03-04-2024
CUST10656	Inaaya  Issac	tara19@venkatesh-bumb.org	Not Disclosed	58	Chennai	Single	0	08-04-2021
CUST10657	Navya Boase	mallickrati@khatri.net	Not Disclosed	49	Mumbai	Widowed	3	05-06-2022
CUST10658	Azad Yogi	rswamy@hotmail.com	Not Disclosed	59	Hyderabad	Widowed	1	19-02-2021
CUST10659	Onkar Mane	ela59@gmail.com	Male	74	Chennai	Single	0	21-04-2024
CUST10660	Madhup Kothari	samaira31@hotmail.com	Not Disclosed	51	Lucknow	Divorced	0	04-05-2021
CUST10661	Drishya Som	anvi72@samra.net	Male	45	Ahmedabad	Widowed	2	05-09-2021
CUST10662	Badal Mangal	chirag89@gmail.com	Female	65	Kolkata	Single	4	11-06-2024
CUST10663	Hunar Sangha	myra39@yahoo.com	Female	25	Ahmedabad	Divorced	0	03-02-2023
CUST10664	Aarav Singhal	ananddhanuk@srinivasan-golla.biz	Male	38	Jaipur	Married	0	31-05-2023
CUST10665	Aarush Taneja	dasbiju@yahoo.com	Not Disclosed	23	Bangalore	Widowed	1	16-05-2021
CUST10666	Umang Majumdar	olal@sharma.info	Not Disclosed	70	Pune	Widowed	2	19-01-2021
CUST10667	Anahita Dalal	kalitakismat@hotmail.com	Male	54	Pune	Single	3	06-04-2023
CUST10668	Shray Kurian	vivaankothari@yahoo.com	Male	21	Mumbai	Divorced	0	05-03-2022
CUST10669	Biju Jani	prishabora@yahoo.com	Female	29	Jaipur	Widowed	2	22-02-2022
CUST10670	Ayesha Jhaveri	walitejas@yahoo.com	Not Disclosed	39	Mumbai	Widowed	3	21-05-2021
CUST10671	Vardaniya Sheth	saanviroy@gmail.com	Male	72	Hyderabad	Divorced	2	12-02-2022
CUST10672	Badal Sha	shamik01@gmail.com	Not Disclosed	21	Mumbai	Widowed	1	16-04-2024
CUST10673	Samar Cheema	achaudhary@bhatti-dugal.org	Female	27	Bangalore	Married	0	27-02-2021
CUST10674	Anay Mangat	babusiya@johal.com	Male	29	Chennai	Single	1	09-05-2021
CUST10675	Bhavin Yadav	rsetty@keer.info	Not Disclosed	51	Bangalore	Single	2	03-10-2022
CUST10676	Jivika Garg	manikya03@chauhan.biz	Male	70	Ahmedabad	Widowed	0	29-04-2023
CUST10677	Myra Bhatt	aradhyavohra@raj.com	Male	56	Kolkata	Widowed	1	12-10-2023
CUST10678	Veer Kapadia	ramachandranzara@yahoo.com	Female	35	Pune	Divorced	1	29-06-2023
CUST10679	Trisha Balan	jayant89@bandi-shere.com	Male	23	Pune	Widowed	0	15-04-2023
CUST10680	Rasha Tak	inaaya-ray@gmail.com	Female	28	Jaipur	Married	0	10-12-2020
CUST10681	Hunar Krishna	nityasoman@randhawa.com	Female	65	Pune	Divorced	4	30-11-2021
CUST10682	Tanya Madan	rbajwa@hotmail.com	Not Disclosed	47	Kolkata	Widowed	0	01-11-2020
CUST10683	Amira Karan	taimur71@balay-chahal.com	Female	52	Jaipur	Married	0	01-05-2023
CUST10684	Kashvi Hora	indranskohli@ghosh.info	Not Disclosed	22	Ahmedabad	Widowed	0	17-10-2023
CUST10685	Saira Venkatesh	divit41@bhardwaj.net	Not Disclosed	34	Pune	Single	0	10-02-2023
CUST10686	Advika Dhawan	jraja@yahoo.com	Female	25	Hyderabad	Married	0	14-06-2022
CUST10687	Dhanuk Thaker	mandervivaan@hotmail.com	Male	29	Delhi	Single	1	19-01-2023
CUST10688	Keya Sachdeva	gatik94@yahoo.com	Not Disclosed	59	Pune	Single	0	15-02-2021
CUST10689	Vidur Madan	isandal@bail-sanghvi.com	Male	51	Pune	Married	1	08-07-2021
CUST10690	Shayak Baria	iben@gmail.com	Female	25	Chennai	Divorced	3	03-11-2023
CUST10691	Anahi Jani	bbadami@hegde.org	Not Disclosed	42	Ahmedabad	Single	0	23-08-2022
CUST10692	Mannat Ranganathan	uthkarshbala@rout.info	Not Disclosed	46	Jaipur	Divorced	4	20-06-2023
CUST10693	Drishya Tank	zaina23@hotmail.com	Female	63	Kolkata	Divorced	0	04-08-2020
CUST10694	Nitara Chaudhry	urvi74@yahoo.com	Male	39	Chennai	Widowed	0	13-06-2022
CUST10695	Oorja Bassi	lmangal@dara.com	Not Disclosed	68	Chennai	Married	0	05-04-2021
CUST10696	Faiyaz Sarin	omannan@hotmail.com	Not Disclosed	71	Delhi	Married	1	27-06-2022
CUST10697	Manikya Bhalla	kdass@dora.com	Not Disclosed	32	Chennai	Married	2	24-12-2020
CUST10698	Nirvaan Kale	ebandi@jayaraman-shankar.net	Female	28	Bangalore	Widowed	1	22-02-2023
CUST10699	Renee Bhat	tripathipriyansh@yahoo.com	Female	63	Mumbai	Single	0	11-01-2023
CUST10700	Divij Magar	hayrepari@yahoo.com	Male	27	Hyderabad	Widowed	1	13-03-2024
CUST10701	Siya Sampath	qbail@sandal-hayre.biz	Not Disclosed	35	Kolkata	Divorced	3	23-07-2024
CUST10702	Riya Sandhu	devanshkrish@cheema-bera.info	Female	23	Lucknow	Single	2	01-07-2022
CUST10703	Myra Jain	suraranbir@gmail.com	Not Disclosed	65	Pune	Married	0	30-05-2021
CUST10704	Aradhya Shanker	urvirajan@gmail.com	Male	19	Bangalore	Divorced	0	16-11-2023
CUST10705	Dishani Guha	mahalarnav@yahoo.com	Female	43	Jaipur	Divorced	2	27-09-2023
CUST10706	Anahita Buch	sacharrohan@hotmail.com	Not Disclosed	34	Jaipur	Widowed	3	07-08-2023
CUST10707	Mannat Lala	arhaan71@gmail.com	Not Disclosed	43	Pune	Married	0	26-10-2021
CUST10708	Rati Rau	alia06@gmail.com	Not Disclosed	38	Bangalore	Single	2	21-09-2023
CUST10709	Shray Chaudhry	nirvaanbiswas@gmail.com	Female	58	Mumbai	Divorced	1	30-10-2021
CUST10710	Divit Toor	saksham79@ram.biz	Not Disclosed	73	Mumbai	Widowed	1	18-02-2024
CUST10711	Miraan Shah	joshiishita@choudhury-mallick.com	Male	66	Jaipur	Divorced	3	12-01-2023
CUST10712	Yuvraj  Sundaram	hanshkamdar@gmail.com	Not Disclosed	68	Kolkata	Single	1	10-02-2023
CUST10713	Saira Talwar	sumerkeer@yahoo.com	Not Disclosed	46	Delhi	Widowed	1	14-01-2021
CUST10714	Khushi Vasa	prerakbanik@hotmail.com	Male	72	Lucknow	Single	0	05-11-2023
CUST10715	Nirvaan Sagar	urvi22@kashyap.com	Not Disclosed	56	Kolkata	Divorced	0	20-03-2024
CUST10716	Romil Shah	fkapoor@bala.biz	Not Disclosed	20	Bangalore	Divorced	1	04-04-2024
CUST10717	Neysa Sengupta	ranbir25@hotmail.com	Not Disclosed	44	Bangalore	Widowed	2	06-01-2024
CUST10718	Divij Shukla	ratigopal@gmail.com	Not Disclosed	69	Lucknow	Divorced	2	05-03-2024
CUST10719	Nirvaan Saxena	parinaaz84@yogi.com	Male	67	Kolkata	Widowed	3	23-07-2024
CUST10720	Veer Sahni	tellaaarav@chakraborty.com	Female	28	Pune	Widowed	1	30-06-2024
CUST10721	Drishya Biswas	advikavala@hotmail.com	Not Disclosed	75	Bangalore	Single	2	28-02-2022
CUST10722	Renee Khatri	nirvi21@bhavsar.biz	Not Disclosed	43	Ahmedabad	Widowed	1	23-12-2020
CUST10723	Mamooty Sur	bakshilavanya@gmail.com	Male	69	Ahmedabad	Married	2	05-04-2021
CUST10724	Abram Tak	mannatguha@yahoo.com	Female	42	Ahmedabad	Single	0	07-08-2020
CUST10725	Umang Ranganathan	waglezoya@hotmail.com	Male	25	Delhi	Widowed	3	17-03-2021
CUST10726	Shayak Agrawal	msen@gmail.com	Female	33	Hyderabad	Single	0	12-03-2023
CUST10727	Anahita Dada	chokshikismat@boase.com	Male	70	Delhi	Single	1	01-09-2020
CUST10728	Elakshi Lal	alishababu@chahal.com	Male	20	Ahmedabad	Widowed	0	14-08-2023
CUST10729	Dishani Contractor	grewaljayan@salvi.net	Female	25	Mumbai	Widowed	4	26-03-2024
CUST10730	Shray Sheth	kiara31@bail.net	Not Disclosed	57	Hyderabad	Married	1	15-08-2021
CUST10731	Zain Dutt	soodneelofar@hotmail.com	Female	74	Bangalore	Divorced	2	02-05-2021
CUST10732	Samar Khare	yakshitbawa@savant-raval.biz	Female	70	Jaipur	Married	1	17-08-2021
CUST10733	Tanya Sood	sanenavya@gmail.com	Male	58	Mumbai	Single	2	04-09-2022
CUST10734	Myra Dave	bandizoya@hotmail.com	Female	24	Pune	Single	0	25-10-2023
CUST10735	Advik Swaminathan	raghav93@mammen-borah.info	Not Disclosed	21	Ahmedabad	Divorced	1	29-05-2023
CUST10736	Diya Hora	reddybiju@yahoo.com	Not Disclosed	66	Ahmedabad	Widowed	1	01-10-2020
CUST10737	Samiha Chaudhari	ckeer@hotmail.com	Not Disclosed	32	Ahmedabad	Married	1	29-01-2022
CUST10738	Samarth Talwar	zsetty@gmail.com	Not Disclosed	19	Chennai	Widowed	0	21-05-2021
CUST10739	Raghav Raja	emir56@hotmail.com	Female	69	Bangalore	Divorced	0	25-02-2024
CUST10740	Anvi Choudhury	elarajan@rao-kaur.com	Female	66	Hyderabad	Divorced	3	18-05-2022
CUST10741	Yakshit Verma	kanav79@hotmail.com	Male	53	Hyderabad	Single	0	04-01-2021
CUST10742	Kimaya Guha	daniayesha@deep-rana.com	Female	40	Bangalore	Widowed	2	10-06-2023
CUST10743	Vihaan Bawa	shrayvarkey@chahal.org	Female	75	Lucknow	Widowed	0	08-12-2020
CUST10744	Neelofar Som	kdhawan@trivedi.com	Male	51	Ahmedabad	Divorced	0	24-01-2021
CUST10745	Ira Chandran	nirvi73@ratta-sarma.com	Male	32	Hyderabad	Widowed	1	28-02-2023
CUST10746	Jayesh Gandhi	nehmatwalla@bhakta-gade.org	Male	49	Jaipur	Married	1	17-08-2023
CUST10747	Jayesh Agarwal	ymadan@yahoo.com	Female	23	Jaipur	Divorced	0	28-12-2022
CUST10748	Shayak Bir	mahika72@yahoo.com	Male	45	Kolkata	Married	0	04-11-2020
CUST10749	Anaya Batra	mallickkabir@yahoo.com	Female	70	Jaipur	Married	0	22-05-2021
CUST10750	Ritvik Sharaf	taimursachar@hotmail.com	Female	41	Chennai	Divorced	2	21-11-2021
CUST10751	Hrishita Vohra	qchokshi@loke.com	Not Disclosed	66	Bangalore	Single	0	16-02-2021
CUST10752	Vedika Ganguly	odass@balakrishnan.com	Female	75	Lucknow	Single	1	19-02-2021
CUST10753	Armaan Sharaf	chadoorja@gmail.com	Male	62	Hyderabad	Divorced	2	22-02-2023
CUST10754	Zoya Tara	saneyuvraj@sridhar-ratti.com	Male	22	Kolkata	Divorced	2	22-05-2021
CUST10755	Elakshi Dara	aaryahi20@ranganathan.com	Female	66	Hyderabad	Single	4	16-11-2022
CUST10756	Shlok Hans	wkhalsa@hotmail.com	Female	39	Lucknow	Divorced	2	14-09-2020
CUST10757	Adira Balasubramanian	jiya00@yahoo.com	Female	39	Lucknow	Divorced	3	12-05-2023
CUST10758	Kiaan Hayer	mamootykurian@gmail.com	Not Disclosed	35	Chennai	Single	3	25-03-2021
CUST10759	Zain Karan	azadmander@issac.net	Female	32	Lucknow	Widowed	3	16-02-2024
CUST10760	Hridaan Sule	ngara@sagar.com	Female	63	Mumbai	Single	1	14-04-2022
CUST10761	Krish Gill	royaaryahi@hotmail.com	Male	28	Lucknow	Married	2	18-09-2020
CUST10762	Adira Din	vritikakurian@bhavsar.com	Not Disclosed	46	Ahmedabad	Widowed	1	08-06-2024
CUST10763	Adira Chokshi	abava@buch-maharaj.com	Male	22	Kolkata	Married	2	31-12-2022
CUST10764	Seher Toor	zchar@wali.com	Male	71	Pune	Widowed	1	09-10-2022
CUST10765	Jhanvi Bhargava	subramaniamivana@yahoo.com	Female	68	Bangalore	Widowed	0	23-01-2021
CUST10766	Emir Kata	mannshaan@hotmail.com	Female	53	Mumbai	Divorced	0	01-02-2022
CUST10767	Sahil Karnik	reyanshlata@subramaniam.com	Male	34	Jaipur	Divorced	1	08-06-2022
CUST10768	Aaryahi Kale	jgokhale@chad.info	Female	39	Jaipur	Divorced	0	15-07-2024
CUST10769	Ritvik Sheth	ndara@hotmail.com	Male	37	Jaipur	Divorced	1	12-09-2022
CUST10770	Hansh Balasubramanian	singhalahana@yahoo.com	Female	28	Ahmedabad	Divorced	2	28-11-2023
CUST10771	Lakshay Dhillon	dharmajantara@gmail.com	Female	27	Ahmedabad	Widowed	3	31-05-2023
CUST10772	Nirvi Chacko	nchad@tailor-date.com	Female	60	Pune	Married	3	31-10-2022
CUST10773	Ivana Dâ€™Alia	shanaya03@gmail.com	Female	20	Delhi	Married	4	12-11-2023
CUST10774	Bhavin Bhalla	kalakiara@lad.com	Female	21	Jaipur	Divorced	0	06-04-2023
CUST10775	Zaina Luthra	jrau@yahoo.com	Male	57	Chennai	Married	3	29-06-2023
CUST10776	Tanya Sandal	gatik84@gmail.com	Female	33	Lucknow	Divorced	1	12-04-2022
CUST10777	Reyansh Bala	taimur18@devan-savant.com	Not Disclosed	33	Jaipur	Single	0	27-10-2021
CUST10778	Shayak Ghosh	vardaniya74@contractor.biz	Male	59	Pune	Single	0	23-10-2020
CUST10779	Mannat Jhaveri	dchoudhry@hotmail.com	Not Disclosed	35	Lucknow	Married	3	28-07-2022
CUST10780	Sara Kulkarni	mchandra@hotmail.com	Female	36	Bangalore	Single	0	07-04-2023
CUST10781	Mishti Bora	sumer14@gmail.com	Female	73	Jaipur	Single	1	20-02-2021
CUST10782	Advik Wable	qkaran@hotmail.com	Female	21	Hyderabad	Divorced	1	07-12-2021
CUST10783	Renee Sharma	aarna23@thaman.org	Not Disclosed	49	Lucknow	Married	1	09-01-2022
CUST10784	Miraan Mahajan	oorjabhasin@varghese.com	Not Disclosed	23	Chennai	Widowed	3	19-03-2022
CUST10785	Arnav Jhaveri	sairasandal@gmail.com	Male	67	Hyderabad	Widowed	3	06-09-2023
CUST10786	Biju Rao	badamikanav@balay-guha.org	Not Disclosed	44	Kolkata	Married	0	23-07-2022
CUST10787	Pihu Dutta	jayan94@yahoo.com	Male	36	Mumbai	Divorced	2	11-02-2023
CUST10788	Manikya Choudhary	xbobal@goda-raju.net	Male	57	Ahmedabad	Widowed	2	05-10-2021
CUST10789	Baiju Lala	varugheseadira@thaker-lall.com	Female	24	Ahmedabad	Single	1	03-02-2023
CUST10790	Ryan Lad	ikuruvilla@yahoo.com	Female	53	Hyderabad	Married	0	15-11-2022
CUST10791	Heer Bedi	rashadora@kakar-zachariah.com	Female	53	Mumbai	Divorced	0	14-04-2021
CUST10792	Sahil Kant	karanjhanvi@yahoo.com	Female	39	Delhi	Divorced	0	19-09-2022
CUST10793	Rohan Randhawa	bhallanakul@kapur-goswami.com	Not Disclosed	30	Delhi	Married	2	29-07-2020
CUST10794	Trisha Sampath	zarasangha@venkataraman-gandhi.net	Not Disclosed	54	Kolkata	Single	0	19-03-2021
CUST10795	Armaan Bala	charvikaran@kumar.com	Female	61	Mumbai	Single	1	24-07-2021
CUST10796	Devansh Doshi	ndara@dalia.com	Not Disclosed	69	Bangalore	Single	2	05-01-2023
CUST10797	Hansh Mannan	sumersamra@grewal.info	Female	59	Kolkata	Married	0	06-12-2022
CUST10798	Arhaan Sankaran	vaibhavsabharwal@yahoo.com	Male	57	Pune	Divorced	3	01-07-2022
CUST10799	Armaan Lala	madhuprana@dhaliwal.org	Not Disclosed	34	Hyderabad	Divorced	2	01-11-2023
CUST10800	Armaan Rajagopalan	wborde@walla-vohra.com	Male	60	Ahmedabad	Divorced	3	14-11-2021
CUST10801	Parinaaz Gala	manikyaganguly@kannan.org	Not Disclosed	27	Ahmedabad	Divorced	1	08-12-2022
CUST10802	Jiya Bali	abramshenoy@hotmail.com	Female	50	Hyderabad	Married	1	01-11-2023
CUST10803	Kimaya Din	korpalishita@zacharia.org	Male	24	Hyderabad	Divorced	0	13-05-2023
CUST10804	Prisha Singhal	ezachariah@yahoo.com	Female	32	Bangalore	Single	2	03-12-2023
CUST10805	Divyansh Sane	subramanianmanikya@chauhan-bahl.org	Female	34	Ahmedabad	Married	2	08-03-2024
CUST10806	Kiara Goda	dguha@bal.org	Female	20	Mumbai	Married	2	22-05-2024
CUST10807	Nitara Vora	behlshalv@gmail.com	Female	37	Chennai	Widowed	2	07-10-2023
CUST10808	Anahita Buch	esastry@arya.com	Female	57	Hyderabad	Divorced	3	20-01-2022
CUST10809	Nitya Rege	rajuseher@ramesh.com	Female	48	Lucknow	Married	2	03-04-2024
CUST10810	Onkar Balasubramanian	aaina37@gmail.com	Female	27	Kolkata	Single	0	21-05-2021
CUST10811	Lakshay Chopra	zainrau@kannan-gandhi.com	Male	67	Pune	Married	1	14-11-2020
CUST10812	Aaina Batra	taran18@hotmail.com	Female	20	Ahmedabad	Divorced	2	11-06-2023
CUST10813	Kiaan Dewan	aniruddh33@yahoo.com	Not Disclosed	61	Lucknow	Widowed	2	13-07-2022
CUST10814	Pari Raman	tyohannan@hotmail.com	Female	45	Chennai	Widowed	2	15-12-2021
CUST10815	Sana Majumdar	urvigarg@kale.com	Not Disclosed	45	Kolkata	Divorced	3	19-08-2023
CUST10816	Divit Varkey	zarakale@yahoo.com	Male	64	Bangalore	Divorced	3	27-10-2020
CUST10817	Vardaniya Dua	kkhare@mangat.net	Not Disclosed	45	Kolkata	Single	2	10-10-2022
CUST10818	Zara Cheema	mannevidur@yahoo.com	Female	21	Kolkata	Married	0	13-09-2020
CUST10819	Nitya Mane	skanda@hotmail.com	Male	72	Pune	Widowed	0	28-09-2022
CUST10820	Hiran Luthra	sethiaradhya@yahoo.com	Male	32	Lucknow	Single	2	02-02-2022
CUST10821	Nitara Babu	dsani@brahmbhatt-mannan.com	Female	50	Pune	Married	1	05-04-2022
CUST10822	Seher Hegde	wsinha@raj.biz	Female	54	Bangalore	Single	1	09-05-2021
CUST10823	Mehul Som	srinivasyasmin@hotmail.com	Not Disclosed	33	Bangalore	Single	0	05-02-2023
CUST10824	Damini Singhal	laganvora@yahoo.com	Not Disclosed	18	Mumbai	Divorced	0	26-10-2021
CUST10825	Farhan Sen	raynehmat@kothari.info	Male	21	Ahmedabad	Married	0	27-09-2020
CUST10826	Mamooty Sangha	dchad@karan-bains.com	Not Disclosed	28	Lucknow	Widowed	0	16-07-2022
CUST10827	Lakshay Ratti	gokulandra@ratti-anand.biz	Male	22	Hyderabad	Married	2	18-09-2022
CUST10828	Taran Ganesan	samarth85@balan.com	Male	68	Kolkata	Widowed	0	07-03-2023
CUST10829	Samaira Arya	chandravidur@hotmail.com	Male	69	Pune	Married	0	20-12-2020
CUST10830	Mahika Bhakta	ybains@yahoo.com	Not Disclosed	27	Hyderabad	Married	2	25-10-2022
CUST10831	Ishita Agarwal	vbalay@yahoo.com	Not Disclosed	27	Jaipur	Divorced	4	30-06-2021
CUST10832	Biju Warrior	laganahuja@gmail.com	Not Disclosed	41	Delhi	Divorced	1	11-06-2024
CUST10833	Manjari Mander	majumdararhaan@hotmail.com	Male	60	Lucknow	Widowed	1	22-06-2022
CUST10834	Chirag Ahluwalia	mamootyagarwal@babu.org	Not Disclosed	54	Jaipur	Married	3	16-04-2021
CUST10835	Kimaya Sarraf	kohliumang@yahoo.com	Not Disclosed	55	Delhi	Widowed	2	26-06-2023
CUST10836	Nirvaan Barman	prishadora@baral.com	Female	32	Pune	Widowed	1	09-04-2021
CUST10837	Alisha Shetty	nishith22@hotmail.com	Not Disclosed	29	Mumbai	Single	4	14-02-2021
CUST10838	Aarna Barad	trishabalan@hotmail.com	Not Disclosed	47	Bangalore	Widowed	1	02-11-2023
CUST10839	Ranbir Aggarwal	lchar@gmail.com	Female	27	Pune	Married	1	17-06-2023
CUST10840	Damini Krishnamurthy	sehermann@yahoo.com	Not Disclosed	36	Lucknow	Married	0	27-01-2022
CUST10841	Aradhya Kumar	dbhakta@gmail.com	Male	36	Delhi	Single	2	17-03-2024
CUST10842	Sahil Rana	vgrewal@hotmail.com	Female	50	Hyderabad	Divorced	1	10-04-2024
CUST10843	Ivana Mander	jchowdhury@yahoo.com	Male	42	Hyderabad	Single	1	15-12-2020
CUST10844	Shayak Sagar	arnavbhalla@hotmail.com	Female	57	Hyderabad	Widowed	0	25-09-2023
CUST10845	Gatik Seshadri	raghav15@yahoo.com	Female	38	Kolkata	Married	2	01-01-2021
CUST10846	Elakshi Shan	krishshlok@hotmail.com	Male	50	Mumbai	Widowed	3	02-02-2021
CUST10847	Divyansh Som	bhaminidara@ganguly-bains.com	Male	50	Pune	Widowed	1	06-02-2021
CUST10848	Abram Kala	ishita93@yahoo.com	Female	19	Lucknow	Widowed	1	21-02-2024
CUST10849	Mohanlal Chandra	tiyasidhu@gola.com	Male	51	Mumbai	Single	4	13-03-2021
CUST10850	Lakshay Jain	nakulthaker@bora-rana.org	Not Disclosed	74	Hyderabad	Divorced	0	20-06-2021
CUST10851	Jivika Edwin	hrishita99@dara-vaidya.com	Male	46	Bangalore	Widowed	0	03-07-2024
CUST10852	Arhaan Bobal	kamdarbaiju@varghese-sekhon.info	Female	50	Kolkata	Single	1	14-04-2021
CUST10853	Aaryahi Chokshi	sara21@deep.com	Male	62	Kolkata	Widowed	1	28-03-2024
CUST10854	Piya Brahmbhatt	tailoranahita@hotmail.com	Male	51	Kolkata	Married	4	12-10-2022
CUST10855	Manjari Tandon	agrawaltiya@anand.com	Male	28	Hyderabad	Married	1	18-11-2023
CUST10856	Alisha Bains	rohanchaudhry@sinha.org	Not Disclosed	39	Ahmedabad	Widowed	2	22-02-2022
CUST10857	Umang Lata	jiyasavant@dugar.net	Not Disclosed	54	Jaipur	Married	2	06-02-2024
CUST10858	Nitara Krish	abandi@dutta-mangat.com	Male	36	Delhi	Single	2	30-12-2023
CUST10859	Hridaan Sarraf	kashyapnirvi@tella-uppal.com	Not Disclosed	38	Delhi	Married	1	17-01-2022
CUST10860	Veer Anne	salvitanya@hotmail.com	Male	44	Bangalore	Single	2	29-04-2023
CUST10861	Vritika Dey	khannaanika@gmail.com	Not Disclosed	26	Chennai	Divorced	1	23-02-2021
CUST10862	Zaina Acharya	pbadami@gmail.com	Not Disclosed	30	Kolkata	Widowed	2	28-12-2022
CUST10863	Pari Luthra	aarush03@viswanathan.biz	Male	72	Kolkata	Divorced	0	05-09-2023
CUST10864	Samaira Agate	uchhabra@krishnamurthy-sodhi.com	Male	55	Chennai	Divorced	2	04-10-2021
CUST10865	Zoya Madan	valadivit@yahoo.com	Not Disclosed	18	Delhi	Widowed	2	24-04-2024
CUST10866	Bhamini Ram	faiyazsarma@yahoo.com	Female	37	Bangalore	Divorced	2	24-12-2020
CUST10867	Biju Bhagat	chandshayak@yahoo.com	Not Disclosed	32	Chennai	Divorced	0	22-08-2021
CUST10868	Rhea Kohli	prisha47@gmail.com	Male	21	Mumbai	Married	2	09-10-2023
CUST10869	Elakshi Atwal	ehsaanshanker@barad-bhat.com	Female	63	Mumbai	Divorced	2	20-05-2023
CUST10870	Ojas Saini	tarinisankar@bera-kar.com	Not Disclosed	75	Ahmedabad	Single	2	12-12-2023
CUST10871	Alia Manne	lallkismat@gmail.com	Male	74	Mumbai	Married	4	12-12-2021
CUST10872	Onkar Halder	ygupta@gmail.com	Female	40	Ahmedabad	Widowed	0	25-07-2022
CUST10873	Vardaniya Rattan	chadhabhamini@virk-aurora.com	Male	37	Kolkata	Married	0	05-03-2022
CUST10874	Piya Kulkarni	valatarini@gmail.com	Not Disclosed	45	Lucknow	Divorced	0	08-09-2023
CUST10875	Alisha Shere	tdora@barad-kulkarni.org	Male	67	Pune	Married	4	19-09-2022
CUST10876	Aaryahi Dutt	zroy@hotmail.com	Female	22	Lucknow	Married	1	13-06-2024
CUST10877	Jiya Sathe	tiyajain@srivastava.com	Not Disclosed	27	Bangalore	Widowed	0	30-03-2023
CUST10878	Shlok Sengupta	kimayasastry@swamy.com	Not Disclosed	64	Chennai	Married	0	05-09-2022
CUST10879	Priyansh Koshy	qvasa@din-edwin.com	Not Disclosed	74	Delhi	Married	2	25-09-2020
CUST10880	Misha Rao	ojasbhasin@bains.com	Not Disclosed	35	Ahmedabad	Divorced	0	13-05-2021
CUST10881	Sara Rege	jayeshjoshi@rama-sinha.com	Male	62	Mumbai	Single	2	16-10-2022
CUST10882	Prisha Sur	tanya22@tella-varty.com	Not Disclosed	45	Kolkata	Divorced	2	29-09-2020
CUST10883	Riya Sule	shaanraj@gmail.com	Female	45	Chennai	Widowed	1	17-03-2024
CUST10884	Anya Dhaliwal	wchoudhury@gmail.com	Female	29	Ahmedabad	Single	1	27-03-2023
CUST10885	Jivika Dash	uthkarshchad@gmail.com	Not Disclosed	72	Mumbai	Widowed	0	04-08-2023
CUST10886	Sara Balakrishnan	rameshcharvi@seshadri-arora.info	Male	23	Lucknow	Widowed	0	17-07-2023
CUST10887	Raghav Setty	fbhargava@yahoo.com	Not Disclosed	33	Bangalore	Widowed	2	09-09-2021
CUST10888	Adira Chaudhari	darshitsaraf@seshadri.com	Not Disclosed	57	Kolkata	Married	1	14-05-2024
CUST10889	Hiran Choudhry	indranil11@hotmail.com	Not Disclosed	35	Bangalore	Married	0	23-01-2022
CUST10890	Miraan Talwar	ganesanlavanya@gulati.org	Female	40	Delhi	Single	3	30-05-2021
CUST10891	Tanya Karpe	pihu45@hotmail.com	Not Disclosed	32	Hyderabad	Divorced	2	27-06-2023
CUST10892	Diya Bassi	akarshthakur@dasgupta.biz	Not Disclosed	46	Delhi	Widowed	1	21-11-2023
CUST10893	Emir Guha	darshitchopra@dugar.com	Male	29	Lucknow	Single	1	21-11-2021
CUST10894	Prerak Ghose	badal73@hotmail.com	Male	61	Pune	Single	4	29-12-2023
CUST10895	Indrans Hayer	sakshamgara@gmail.com	Female	31	Delhi	Single	2	15-01-2021
CUST10896	Yakshit Sethi	pgoda@yadav.com	Female	39	Kolkata	Divorced	1	07-09-2022
CUST10897	Parinaaz Ramanathan	rsathe@yahoo.com	Female	51	Lucknow	Single	0	16-06-2022
CUST10898	Mehul Batra	alishacherian@yahoo.com	Female	40	Jaipur	Widowed	1	30-10-2020
CUST10899	Samaira Hayre	jivikaram@amble-dhingra.com	Male	46	Chennai	Single	0	07-04-2021
CUST10900	Dhanuk Zacharia	maneishita@hotmail.com	Female	44	Bangalore	Married	0	19-12-2023
CUST10901	Rasha Khalsa	tedwin@ratta-kunda.com	Not Disclosed	57	Mumbai	Married	2	26-09-2020
CUST10902	Lavanya Buch	zkrish@hotmail.com	Female	21	Delhi	Divorced	2	05-08-2023
CUST10903	Yuvraj  Ram	sehgaltarini@yahoo.com	Male	29	Jaipur	Widowed	1	14-07-2021
CUST10904	Prisha Chandran	emirsarkar@gmail.com	Male	47	Kolkata	Single	0	24-10-2020
CUST10905	Kanav Bala	arnav84@chandran.net	Female	50	Ahmedabad	Widowed	3	22-04-2024
CUST10906	Onkar Bajaj	sekhontanya@rajagopalan.com	Not Disclosed	45	Bangalore	Married	1	06-11-2020
CUST10907	Shaan Boase	xmann@agarwal.com	Male	55	Chennai	Married	0	05-10-2023
CUST10908	Madhav Talwar	ekata@deshmukh.com	Male	30	Mumbai	Divorced	0	16-01-2024
CUST10909	Riaan Manne	samarbawa@mani.com	Not Disclosed	51	Jaipur	Widowed	1	12-12-2023
CUST10910	Abram Dey	taradalal@chaudhary.com	Male	68	Hyderabad	Single	0	05-06-2021
CUST10911	Samaira Ben	kaulojas@yahoo.com	Not Disclosed	52	Mumbai	Married	3	09-04-2022
CUST10912	Akarsh Ganesan	dasguptaira@gmail.com	Male	69	Mumbai	Married	1	10-09-2023
CUST10913	Divit Dâ€™Alia	mannat51@devi.com	Male	41	Chennai	Married	0	13-10-2020
CUST10914	Anvi Bala	bsehgal@gmail.com	Female	40	Lucknow	Single	1	29-07-2021
CUST10915	Rohan Kohli	bdutt@arya.com	Not Disclosed	47	Mumbai	Divorced	1	25-12-2021
CUST10916	Hunar Ramesh	imadan@hotmail.com	Female	61	Kolkata	Divorced	2	06-08-2021
CUST10917	Tanya Lanka	zaina72@hotmail.com	Female	36	Delhi	Single	2	26-07-2023
CUST10918	Madhav Ben	abramravi@barman.net	Female	22	Hyderabad	Single	2	19-06-2021
CUST10919	Kabir Gola	sarajoshi@kashyap.com	Male	48	Delhi	Married	4	03-02-2024
CUST10920	Yuvaan Sha	hiran93@gade-chandra.net	Male	36	Ahmedabad	Widowed	1	16-08-2022
CUST10921	Sahil Kannan	qborra@bumb.info	Not Disclosed	54	Jaipur	Married	2	21-11-2023
CUST10922	Arnav Iyengar	akulkarni@gmail.com	Female	23	Mumbai	Single	4	09-05-2024
CUST10923	Vanya Rattan	tripathiindrans@ramachandran-sekhon.com	Not Disclosed	57	Pune	Married	2	29-03-2024
CUST10924	Vihaan Bhatia	ghosejayan@sani.com	Female	29	Lucknow	Widowed	1	08-09-2022
CUST10925	Trisha Lad	cjani@shere.com	Not Disclosed	47	Hyderabad	Married	3	25-04-2022
CUST10926	Samarth Singhal	alisha62@gmail.com	Male	36	Ahmedabad	Widowed	1	27-02-2022
CUST10927	Stuvan Sarraf	damini60@yahoo.com	Female	66	Delhi	Single	0	14-07-2023
CUST10928	Shamik Bala	jayesh89@tripathi.net	Female	42	Hyderabad	Widowed	0	19-10-2023
CUST10929	Tushar Vohra	chackojivin@hotmail.com	Not Disclosed	71	Bangalore	Widowed	1	25-04-2021
CUST10930	Mishti Kapoor	dyalneysa@anand.info	Not Disclosed	27	Delhi	Married	0	06-02-2022
CUST10931	Raghav Baral	obhalla@sridhar.com	Male	66	Jaipur	Widowed	2	20-11-2021
CUST10932	Nakul Babu	lagan31@gmail.com	Female	37	Pune	Married	0	03-11-2022
CUST10933	Mishti Dey	tusharkar@vala-gala.com	Female	45	Lucknow	Divorced	1	12-07-2023
CUST10934	Dharmajan Kata	jivikamann@cheema.org	Female	72	Hyderabad	Divorced	0	26-09-2022
CUST10935	Reyansh Sangha	majumdarnehmat@yahoo.com	Female	54	Pune	Divorced	4	13-05-2023
CUST10936	Jayesh Lall	tsaraf@issac-dalia.com	Not Disclosed	44	Ahmedabad	Divorced	3	12-05-2024
CUST10937	Jhanvi Talwar	madhavsood@gmail.com	Male	25	Chennai	Widowed	3	30-04-2022
CUST10938	Myra Tank	farhansachar@sheth-ahluwalia.com	Not Disclosed	75	Ahmedabad	Married	1	18-10-2021
CUST10939	Myra Bala	bhattianahita@zacharia-vohra.com	Female	33	Bangalore	Married	0	20-04-2022
CUST10940	Anaya Dada	eshani67@manda.com	Male	44	Mumbai	Widowed	1	03-08-2021
CUST10941	Arhaan Bhattacharyya	ladojas@mahal.com	Male	22	Delhi	Married	1	13-04-2023
CUST10942	Inaaya  Tailor	shaansachar@chanda.com	Not Disclosed	42	Hyderabad	Divorced	2	18-01-2022
CUST10943	Nitara Shan	lakshaybajaj@ganesh.biz	Female	18	Ahmedabad	Married	0	16-04-2024
CUST10944	Riya Chand	bassiarmaan@krish-bakshi.com	Female	36	Ahmedabad	Widowed	1	09-07-2022
CUST10945	Zoya Varughese	nakul34@gmail.com	Not Disclosed	65	Bangalore	Single	3	03-04-2023
CUST10946	Ranbir Venkataraman	armaan13@gmail.com	Male	51	Pune	Widowed	0	06-04-2021
CUST10947	Lakshay Rao	yissac@sankar-goyal.info	Male	40	Chennai	Divorced	0	01-04-2022
CUST10948	Neelofar Date	jainyuvraj@sur-sastry.biz	Female	69	Pune	Single	1	22-02-2024
CUST10949	Navya Chaudhari	aniruddh60@agate-jaggi.com	Not Disclosed	58	Hyderabad	Divorced	4	12-05-2021
CUST10950	Vedika Dave	mamootysani@boase.com	Female	28	Ahmedabad	Divorced	1	22-11-2022
CUST10951	Mohanlal Deep	hansriaan@gmail.com	Male	75	Mumbai	Married	4	29-11-2023
CUST10952	Anay Kala	tiwarijayant@dash.org	Female	38	Chennai	Widowed	0	06-04-2023
CUST10953	Vanya Barad	tarathakkar@manda-mani.com	Male	66	Ahmedabad	Single	1	20-06-2022
CUST10954	Chirag Sen	divitbhatt@varma.com	Not Disclosed	54	Mumbai	Widowed	1	10-03-2024
CUST10955	Zain Goel	karanzoya@rau.com	Female	70	Mumbai	Widowed	0	19-05-2022
CUST10956	Kanav Gola	rati35@yahoo.com	Not Disclosed	54	Mumbai	Widowed	0	09-04-2024
CUST10957	Yuvraj  Basu	sarakapur@hotmail.com	Male	40	Lucknow	Single	2	18-05-2024
CUST10958	Madhav Gaba	dagate@yahoo.com	Female	73	Jaipur	Divorced	0	11-01-2023
CUST10959	Devansh Din	samarth67@sami.com	Male	26	Pune	Widowed	0	10-02-2021
CUST10960	Uthkarsh Sawhney	doraanahi@hotmail.com	Not Disclosed	50	Delhi	Widowed	1	05-07-2021
CUST10961	Neelofar Agate	wkrish@babu.biz	Not Disclosed	36	Delhi	Single	3	05-07-2024
CUST10962	Lagan Vala	adah76@yahoo.com	Female	27	Chennai	Married	0	13-09-2023
CUST10963	Jivin Kunda	divyanshsetty@srivastava-gole.com	Female	25	Lucknow	Divorced	2	03-11-2020
CUST10964	Rania Manne	hridaan82@gmail.com	Male	73	Hyderabad	Divorced	0	04-05-2021
CUST10965	Nehmat Sur	chaudhurijivika@korpal-singh.com	Male	39	Delhi	Married	2	31-08-2021
CUST10966	Dhanuk Kala	jivin73@shanker-tata.org	Female	53	Lucknow	Single	1	10-12-2021
CUST10967	Zoya Dhar	usom@sangha.com	Female	70	Jaipur	Widowed	1	04-01-2023
CUST10968	Vardaniya Behl	anahiseth@gmail.com	Not Disclosed	67	Jaipur	Widowed	2	27-08-2021
CUST10969	Zeeshan Sood	anahita77@reddy.com	Not Disclosed	71	Bangalore	Single	0	22-09-2023
CUST10970	Kashvi Wable	gbedi@yahoo.com	Male	59	Bangalore	Married	3	10-03-2022
CUST10971	Stuvan Hora	pchauhan@gmail.com	Male	62	Hyderabad	Widowed	2	02-03-2024
CUST10972	Zara Chauhan	mangatsaanvi@kohli.com	Male	75	Pune	Widowed	1	28-01-2024
CUST10973	Dhruv Tata	zoyasahni@sawhney-dar.com	Not Disclosed	65	Kolkata	Widowed	1	23-04-2024
CUST10974	Elakshi Joshi	indrans87@hotmail.com	Female	26	Hyderabad	Widowed	0	30-12-2022
CUST10975	Lakshay Malhotra	inaaya-biswas@yahoo.com	Female	57	Bangalore	Widowed	0	17-07-2021
CUST10976	Armaan Aurora	xuppal@krishna.org	Female	46	Mumbai	Divorced	2	19-08-2023
CUST10977	Myra Krishnan	rjaggi@yahoo.com	Not Disclosed	27	Ahmedabad	Widowed	3	29-08-2023
CUST10978	Dhanush Anne	chirag50@ray.com	Male	69	Lucknow	Single	2	26-08-2021
CUST10979	Hiran Kala	shlok03@deo.com	Not Disclosed	43	Delhi	Single	0	11-04-2024
CUST10980	Aradhya Sood	advik77@yahoo.com	Male	60	Delhi	Single	3	29-07-2022
CUST10981	Siya Sunder	myra62@saha.info	Male	53	Ahmedabad	Single	0	06-07-2024
CUST10982	Misha Lad	siyabhakta@seth-bahri.info	Female	39	Ahmedabad	Divorced	0	03-12-2022
CUST10983	Mishti Bava	manikya15@dara.com	Not Disclosed	28	Kolkata	Single	1	07-11-2020
CUST10984	Diya Hayre	detarini@dey.info	Female	46	Chennai	Single	4	17-09-2021
CUST10985	Ranbir Bava	aradhya58@deo.biz	Not Disclosed	21	Bangalore	Widowed	2	06-06-2023
CUST10986	Darshit Mand	anaya53@yahoo.com	Not Disclosed	63	Hyderabad	Married	0	18-04-2021
CUST10987	Jayan Wagle	ojas82@gmail.com	Not Disclosed	75	Bangalore	Widowed	4	18-03-2022
CUST10988	Shamik Salvi	boasekrish@mammen.com	Not Disclosed	19	Chennai	Divorced	2	27-09-2023
CUST10989	Hansh Gara	bbava@yahoo.com	Male	46	Mumbai	Single	0	14-03-2022
CUST10990	Dhruv Shenoy	kumarpranay@borra-mani.com	Male	57	Chennai	Single	2	13-03-2021
CUST10991	Kavya Kant	chareshani@saraf-kanda.com	Female	24	Hyderabad	Divorced	2	08-05-2024
CUST10992	Khushi Tak	duamohanlal@anne.net	Not Disclosed	49	Pune	Married	3	18-05-2021
CUST10993	Saira Chakrabarti	mandakanav@chadha.com	Male	36	Mumbai	Married	0	22-04-2021
CUST10994	Badal Saini	rajuivan@gmail.com	Not Disclosed	29	Hyderabad	Widowed	3	13-04-2023
CUST10995	Mehul Chada	hridaanagate@hotmail.com	Male	70	Hyderabad	Divorced	2	29-07-2020
CUST10996	Arhaan Tara	qwali@mand-sood.com	Male	35	Delhi	Single	1	24-07-2022
CUST10997	Mahika Uppal	vdalal@yahoo.com	Female	70	Ahmedabad	Married	3	27-01-2023
CUST10998	Bhamini Aggarwal	kartik15@bajaj-singhal.com	Male	37	Jaipur	Single	0	22-07-2022
CUST10999	Alia Sekhon	urvichadha@hotmail.com	Male	67	Hyderabad	Widowed	1	07-09-2021
